{
  "bytes": 66236529,
  "count_of_rows": 595429,
  "hash": "89b4058456ded6b22f1afa60ba76fb93",
  "name": "covid-19",
  "profile": "data-package",
  "resources": [
    {
      "bytes": 1098904,
      "dialect": {
        "caseSensitiveHeader": false,
        "delimiter": ",",
        "doubleQuote": true,
        "header": true,
        "lineTerminator": "\r\n",
        "quoteChar": "\"",
        "skipInitialSpace": false
      },
      "encoding": "utf-8",
      "format": "csv",
      "hash": "c5f3dbe3a19c17bb5797a9415ee2d741",
      "name": "time-series-19-covid-combined",
      "path": "data/time-series-19-covid-combined.csv",
      "profile": "tabular-data-resource",
      "schema": {
        "fields": [
          {
            "format": "%Y-%m-%d",
            "name": "Date",
            "type": "date"
          },
          {
            "format": "default",
            "name": "Country/Region",
            "type": "string"
          },
          {
            "format": "default",
            "name": "Province/State",
            "type": "string"
          },
          {
            "decimalChar": ".",
            "format": "default",
            "groupChar": "",
            "name": "Lat",
            "type": "number"
          },
          {
            "decimalChar": ".",
            "format": "default",
            "groupChar": "",
            "name": "Long",
            "type": "number"
          },
          {
            "format": "default",
            "groupChar": "",
            "name": "Confirmed",
            "title": "Cumulative total confirmed cases to date",
            "type": "integer"
          },
          {
            "format": "default",
            "groupChar": "",
            "name": "Recovered",
            "title": "Cumulative total recovered cases to date",
            "type": "integer"
          },
          {
            "format": "default",
            "groupChar": "",
            "name": "Deaths",
            "title": "Cumulative total deaths to date",
            "type": "integer"
          }
        ],
        "missingValues": [
          "None",
          ""
        ]
      }
    },
    {
      "bytes": 4080,
      "dialect": {
        "delimiter": ",",
        "doubleQuote": true,
        "lineTerminator": "\r\n",
        "quoteChar": "\"",
        "skipInitialSpace": false
      },
      "encoding": "utf-8",
      "format": "csv",
      "hash": "2ec046e92e432d7ff47ed3ea1ac9ddd6",
      "name": "key-countries-pivoted",
      "path": "data/key-countries-pivoted.csv",
      "profile": "data-resource",
      "schema": {
        "fields": [
          {
            "format": "%Y-%m-%d",
            "name": "Date",
            "type": "date"
          },
          {
            "description": "Cumulative total confirmed cases to date.",
            "name": "China",
            "type": "integer"
          },
          {
            "description": "Cumulative total confirmed cases to date.",
            "name": "US",
            "type": "integer"
          },
          {
            "description": "Cumulative total confirmed cases to date.",
            "name": "United_Kingdom",
            "type": "integer"
          },
          {
            "description": "Cumulative total confirmed cases to date.",
            "name": "Italy",
            "type": "integer"
          },
          {
            "description": "Cumulative total confirmed cases to date.",
            "name": "France",
            "type": "integer"
          },
          {
            "description": "Cumulative total confirmed cases to date.",
            "name": "Germany",
            "type": "integer"
          },
          {
            "description": "Cumulative total confirmed cases to date.",
            "name": "Spain",
            "type": "integer"
          },
          {
            "description": "Cumulative total confirmed cases to date.",
            "name": "Iran",
            "type": "integer"
          }
        ],
        "missingValues": [
          "None",
          ""
        ]
      }
    },
    {
      "bytes": 451695,
      "dialect": {
        "delimiter": ",",
        "doubleQuote": true,
        "lineTerminator": "\r\n",
        "quoteChar": "\"",
        "skipInitialSpace": false
      },
      "encoding": "utf-8",
      "format": "csv",
      "hash": "cfc2fea741f4249d7ff7ced858581b04",
      "name": "countries-aggregated",
      "path": "data/countries-aggregated.csv",
      "profile": "data-resource",
      "schema": {
        "fields": [
          {
            "format": "%Y-%m-%d",
            "name": "Date",
            "type": "date"
          },
          {
            "format": "default",
            "name": "Country",
            "type": "string"
          },
          {
            "format": "default",
            "groupChar": "",
            "name": "Confirmed",
            "title": "Cumulative total confirmed cases to date",
            "type": "integer"
          },
          {
            "format": "default",
            "groupChar": "",
            "name": "Recovered",
            "title": "Cumulative total recovered cases to date",
            "type": "integer"
          },
          {
            "format": "default",
            "groupChar": "",
            "name": "Deaths",
            "title": "Cumulative total deaths to date",
            "type": "integer"
          }
        ],
        "missingValues": [
          "None",
          ""
        ]
      }
    },
    {
      "bytes": 4075,
      "dialect": {
        "delimiter": ",",
        "doubleQuote": true,
        "lineTerminator": "\r\n",
        "quoteChar": "\"",
        "skipInitialSpace": false
      },
      "encoding": "utf-8",
      "format": "csv",
      "hash": "5d6040726200178a8c9f77e406388fb7",
      "name": "worldwide-aggregated",
      "path": "data/worldwide-aggregated.csv",
      "profile": "data-resource",
      "schema": {
        "fields": [
          {
            "format": "%Y-%m-%d",
            "name": "Date",
            "type": "date"
          },
          {
            "format": "default",
            "groupChar": "",
            "name": "Confirmed",
            "title": "Cumulative total confirmed cases to date",
            "type": "integer"
          },
          {
            "format": "default",
            "groupChar": "",
            "name": "Recovered",
            "title": "Cumulative total recovered cases to date",
            "type": "integer"
          },
          {
            "format": "default",
            "groupChar": "",
            "name": "Deaths",
            "title": "Cumulative total deaths to date",
            "type": "integer"
          },
          {
            "decimalChar": ".",
            "description": "Inrease rate from the previous day in percentage.",
            "groupChar": "",
            "name": "Increase rate",
            "type": "number"
          }
        ],
        "missingValues": [
          "None",
          ""
        ]
      }
    },
    {
      "bytes": 31461212,
      "dialect": {
        "caseSensitiveHeader": false,
        "delimiter": ",",
        "doubleQuote": true,
        "header": true,
        "lineTerminator": "\r\n",
        "quoteChar": "\"",
        "skipInitialSpace": false
      },
      "encoding": "utf-8",
      "format": "csv",
      "hash": "aa8daddf5e9761cee188e4c8bba25c9e",
      "name": "us_confirmed",
      "path": "data/us_confirmed.csv",
      "profile": "tabular-data-resource",
      "schema": {
        "fields": [
          {
            "decimalChar": ".",
            "format": "default",
            "groupChar": "",
            "name": "UID",
            "type": "number"
          },
          {
            "format": "default",
            "name": "iso2",
            "type": "string"
          },
          {
            "format": "default",
            "name": "iso3",
            "type": "string"
          },
          {
            "format": "default",
            "name": "code3",
            "type": "integer"
          },
          {
            "decimalChar": ".",
            "format": "default",
            "groupChar": "",
            "name": "FIPS",
            "type": "number"
          },
          {
            "format": "default",
            "name": "Admin2",
            "type": "string"
          },
          {
            "decimalChar": ".",
            "format": "default",
            "groupChar": "",
            "name": "Lat",
            "type": "number"
          },
          {
            "format": "default",
            "name": "Combined_Key",
            "type": "string"
          },
          {
            "format": "%Y-%m-%d",
            "name": "Date",
            "type": "date"
          },
          {
            "decimalChar": ".",
            "format": "default",
            "groupChar": "",
            "name": "Case",
            "type": "number"
          },
          {
            "decimalChar": ".",
            "format": "default",
            "groupChar": "",
            "name": "Long",
            "type": "number"
          },
          {
            "format": "default",
            "name": "Country/Region",
            "type": "string"
          },
          {
            "format": "default",
            "name": "Province/State",
            "type": "string"
          }
        ],
        "missingValues": [
          "None",
          ""
        ]
      }
    },
    {
      "bytes": 32864555,
      "dialect": {
        "caseSensitiveHeader": false,
        "delimiter": ",",
        "doubleQuote": true,
        "header": true,
        "lineTerminator": "\r\n",
        "quoteChar": "\"",
        "skipInitialSpace": false
      },
      "encoding": "utf-8",
      "format": "csv",
      "hash": "a80c6ada4be6e9a6acd7623b68a5ba8d",
      "name": "us_deaths",
      "path": "data/us_deaths.csv",
      "profile": "tabular-data-resource",
      "schema": {
        "fields": [
          {
            "decimalChar": ".",
            "format": "default",
            "groupChar": "",
            "name": "UID",
            "type": "number"
          },
          {
            "format": "default",
            "name": "iso2",
            "type": "string"
          },
          {
            "format": "default",
            "name": "iso3",
            "type": "string"
          },
          {
            "format": "default",
            "name": "code3",
            "type": "integer"
          },
          {
            "decimalChar": ".",
            "format": "default",
            "groupChar": "",
            "name": "FIPS",
            "type": "number"
          },
          {
            "format": "default",
            "name": "Admin2",
            "type": "string"
          },
          {
            "decimalChar": ".",
            "format": "default",
            "groupChar": "",
            "name": "Lat",
            "type": "number"
          },
          {
            "format": "default",
            "name": "Combined_Key",
            "type": "string"
          },
          {
            "format": "default",
            "name": "Population",
            "type": "integer"
          },
          {
            "format": "%Y-%m-%d",
            "name": "Date",
            "type": "date"
          },
          {
            "decimalChar": ".",
            "format": "default",
            "groupChar": "",
            "name": "Case",
            "type": "number"
          },
          {
            "decimalChar": ".",
            "format": "default",
            "groupChar": "",
            "name": "Long",
            "type": "number"
          },
          {
            "format": "default",
            "name": "Country/Region",
            "type": "string"
          },
          {
            "format": "default",
            "name": "Province/State",
            "type": "string"
          }
        ],
        "missingValues": [
          "None",
          ""
        ]
      }
    },
    {
      "bytes": 352008,
      "dialect": {
        "caseSensitiveHeader": false,
        "delimiter": ",",
        "doubleQuote": true,
        "header": true,
        "lineTerminator": "\r\n",
        "quoteChar": "\"",
        "skipInitialSpace": false
      },
      "encoding": "utf-8",
      "format": "csv",
      "hash": "a5d1774b5afef4fcdae73ebce1b8c576",
      "name": "reference",
      "path": "data/reference.csv",
      "profile": "tabular-data-resource",
      "schema": {
        "fields": [
          {
            "format": "default",
            "name": "UID",
            "type": "integer"
          },
          {
            "format": "default",
            "name": "iso2",
            "type": "string"
          },
          {
            "format": "default",
            "name": "iso3",
            "type": "string"
          },
          {
            "format": "default",
            "name": "code3",
            "type": "integer"
          },
          {
            "format": "default",
            "name": "FIPS",
            "type": "string"
          },
          {
            "format": "default",
            "name": "Admin2",
            "type": "string"
          },
          {
            "format": "default",
            "name": "Province_State",
            "type": "string"
          },
          {
            "format": "default",
            "name": "Country_Region",
            "type": "string"
          },
          {
            "decimalChar": ".",
            "format": "default",
            "groupChar": "",
            "name": "Lat",
            "type": "number"
          },
          {
            "decimalChar": ".",
            "format": "default",
            "groupChar": "",
            "name": "Long_",
            "type": "number"
          },
          {
            "format": "default",
            "name": "Combined_Key",
            "type": "string"
          },
          {
            "format": "default",
            "name": "Population",
            "type": "integer"
          }
        ],
        "missingValues": [
          ""
        ]
      }
    }
  ],
  "title": "Novel Coronavirus 2019",
  "views": [
    {
      "resources": [
        "worldwide-aggregated"
      ],
      "spec": {
        "group": "Date",
        "series": [
          "Confirmed",
          "Deaths"
        ],
        "type": "line"
      },
      "specType": "simple",
      "title": "Total world to date"
    },
    {
      "resources": [
        "key-countries-pivoted"
      ],
      "spec": {
        "group": "Date",
        "series": [
          "China",
          "US",
          "United_Kingdom",
          "Italy",
          "France",
          "Germany",
          "Spain",
          "Iran"
        ],
        "type": "line"
      },
      "specType": "simple",
      "title": "Number of confirmed cases in key countries"
    },
    {
      "resources": [
        {
          "name": "worldwide-aggregated",
          "transform": [
            {
              "asFields": [
                "Mortality rate"
              ],
              "expressions": [
                "data['Deaths'] / data['Confirmed'] * 100 + '%'"
              ],
              "type": "formula"
            }
          ]
        }
      ],
      "spec": {
        "group": "Date",
        "series": [
          "Mortality rate"
        ],
        "type": "bar"
      },
      "specType": "simple",
      "title": "Mortality rate in percentage"
    },
    {
      "resources": [
        "worldwide-aggregated"
      ],
      "spec": {
        "group": "Date",
        "series": [
          "Increase rate"
        ],
        "type": "bar"
      },
      "specType": "simple",
      "title": "Increase rate from previous day in confirmed cases worldwide"
    }
  ]
}