主索节点1,主索节点2,主索节点3
A0,B1,C1
A0,B1,A1
A0,C1,D1
A0,D1,E1
A0,E1,A1
B1,C1,B3
B1,A1,A3
B1,A3,B2
B1,B2,B3
C1,D1,C3
C1,B3,C2
C1,C2,C3
D1,E1,D3
D1,C3,D2
D1,D2,D3
E1,A1,E3
E1,D3,E2
E1,E2,E3
A1,A3,A2
A1,E3,A2
A3,B2,A6
A3,A2,A5
A3,A5,A6
B2,B3,B5
B2,A6,B4
B2,B4,B5
B3,C2,B6
B3,B5,B6
C2,C3,C5
C2,B6,C4
C2,C4,C5
C3,D2,C6
C3,C5,C6
D2,D3,D5
D2,C6,D4
D2,D4,D5
D3,E2,D6
D3,D5,D6
E2,E3,E5
E2,D6,E4
E2,E4,E5
E3,A2,E6
E3,E5,E6
A2,A5,A4
A2,E6,A4
A5,A6,A9
A5,A4,A8
A5,A8,A9
A6,B4,A10
A6,A9,A10
B4,B5,B8
B4,A10,B7
B4,B7,B8
B5,B6,B9
B5,B8,B9
B6,C4,B10
B6,B9,B10
C4,C5,C8
C4,B10,C7
C4,C7,C8
C5,C6,C9
C5,C8,C9
C6,D4,C10
C6,C9,C10
D4,D5,D8
D4,C10,D7
D4,D7,D8
D5,D6,D9
D5,D8,D9
D6,E4,D10
D6,D9,D10
E4,E5,E8
E4,D10,E7
E4,E7,E8
E5,E6,E9
E5,E8,E9
E6,A4,E10
E6,E9,E10
A4,A8,A7
A4,E10,A7
A8,A9,A13
A8,A7,A12
A8,A12,A13
A9,A10,A14
A9,A13,A14
A10,B7,A15
A10,A14,A15
B7,B8,B12
B7,A15,B11
B7,B11,B12
B8,B9,B13
B8,B12,B13
B9,B10,B14
B9,B13,B14
B10,C7,B15
B10,B14,B15
C7,C8,C12
C7,B15,C11
C7,C11,C12
C8,C9,C13
C8,C12,C13
C9,C10,C14
C9,C13,C14
C10,D7,C15
C10,C14,C15
D7,D8,D12
D7,C15,D11
D7,D11,D12
D8,D9,D13
D8,D12,D13
D9,D10,D14
D9,D13,D14
D10,E7,D15
D10,D14,D15
E7,E8,E12
E7,D15,E11
E7,E11,E12
E8,E9,E13
E8,E12,E13
E9,E10,E14
E9,E13,E14
E10,A7,E15
E10,E14,E15
A7,A12,A11
A7,E15,A11
A12,A13,A18
A12,A11,A17
A12,A17,A18
A13,A14,A19
A13,A18,A19
A14,A15,A20
A14,A19,A20
A15,B11,A21
A15,A20,A21
B11,B12,B17
B11,A21,B16
B11,B16,B17
B12,B13,B18
B12,B17,B18
B13,B14,B19
B13,B18,B19
B14,B15,B20
B14,B19,B20
B15,C11,B21
B15,B20,B21
C11,C12,C17
C11,B21,C16
C11,C16,C17
C12,C13,C18
C12,C17,C18
C13,C14,C19
C13,C18,C19
C14,C15,C20
C14,C19,C20
C15,D11,C21
C15,C20,C21
D11,D12,D17
D11,C21,D16
D11,D16,D17
D12,D13,D18
D12,D17,D18
D13,D14,D19
D13,D18,D19
D14,D15,D20
D14,D19,D20
D15,E11,D21
D15,D20,D21
E11,E12,E17
E11,D21,E16
E11,E16,E17
E12,E13,E18
E12,E17,E18
E13,E14,E19
E13,E18,E19
E14,E15,E20
E14,E19,E20
E15,A11,E21
E15,E20,E21
A11,A17,A16
A11,E21,A16
A17,A18,A24
A17,A16,A23
A17,A23,A24
A18,A19,A25
A18,A24,A25
A19,A20,A26
A19,A25,A26
A20,A21,A27
A20,A26,A27
A21,B16,A28
A21,A27,A28
B16,B17,B23
B16,A28,B22
B16,B22,B23
B17,B18,B24
B17,B23,B24
B18,B19,B25
B18,B24,B25
B19,B20,B26
B19,B25,B26
B20,B21,B27
B20,B26,B27
B21,C16,B28
B21,B27,B28
C16,C17,C23
C16,B28,C22
C16,C22,C23
C17,C18,C24
C17,C23,C24
C18,C19,C25
C18,C24,C25
C19,C20,C26
C19,C25,C26
C20,C21,C27
C20,C26,C27
C21,D16,C28
C21,C27,C28
D16,D17,D23
D16,C28,D22
D16,D22,D23
D17,D18,D24
D17,D23,D24
D18,D19,D25
D18,D24,D25
D19,D20,D26
D19,D25,D26
D20,D21,D27
D20,D26,D27
D21,E16,D28
D21,D27,D28
E16,E17,E23
E16,D28,E22
E16,E22,E23
E17,E18,E24
E17,E23,E24
E18,E19,E25
E18,E24,E25
E19,E20,E26
E19,E25,E26
E20,E21,E27
E20,E26,E27
E21,A16,E28
E21,E27,E28
A16,A23,A22
A16,E28,A22
A23,A24,A31
A23,A22,A30
A23,A30,A31
A24,A25,A32
A24,A31,A32
A25,A26,A33
A25,A32,A33
A26,A27,A34
A26,A33,A34
A27,A28,A35
A27,A34,A35
A28,B22,A36
A28,A35,A36
B22,B23,B30
B22,A36,B29
B22,B29,B30
B23,B24,B31
B23,B30,B31
B24,B25,B32
B24,B31,B32
B25,B26,B33
B25,B32,B33
B26,B27,B34
B26,B33,B34
B27,B28,B35
B27,B34,B35
B28,C22,B36
B28,B35,B36
C22,C23,C30
C22,B36,C29
C22,C29,C30
C23,C24,C31
C23,C30,C31
C24,C25,C32
C24,C31,C32
C25,C26,C33
C25,C32,C33
C26,C27,C34
C26,C33,C34
C27,C28,C35
C27,C34,C35
C28,D22,C36
C28,C35,C36
D22,D23,D30
D22,C36,D29
D22,D29,D30
D23,D24,D31
D23,D30,D31
D24,D25,D32
D24,D31,D32
D25,D26,D33
D25,D32,D33
D26,D27,D34
D26,D33,D34
D27,D28,D35
D27,D34,D35
D28,E22,D36
D28,D35,D36
E22,E23,E30
E22,D36,E29
E22,E29,E30
E23,E24,E31
E23,E30,E31
E24,E25,E32
E24,E31,E32
E25,E26,E33
E25,E32,E33
E26,E27,E34
E26,E33,E34
E27,E28,E35
E27,E34,E35
E28,A22,E36
E28,E35,E36
A22,A30,A29
A22,E36,A29
A30,A31,A39
A30,A29,A38
A30,A38,A39
A31,A32,A40
A31,A39,A40
A32,A33,A41
A32,A40,A41
A33,A34,A42
A33,A41,A42
A34,A35,A43
A34,A42,A43
A35,A36,A44
A35,A43,A44
A36,B29,A45
A36,A44,A45
B29,B30,B38
B29,A45,B37
B29,B37,B38
B30,B31,B39
B30,B38,B39
B31,B32,B40
B31,B39,B40
B32,B33,B41
B32,B40,B41
B33,B34,B42
B33,B41,B42
B34,B35,B43
B34,B42,B43
B35,B36,B44
B35,B43,B44
B36,C29,B45
B36,B44,B45
C29,C30,C38
C29,B45,C37
C29,C37,C38
C30,C31,C39
C30,C38,C39
C31,C32,C40
C31,C39,C40
C32,C33,C41
C32,C40,C41
C33,C34,C42
C33,C41,C42
C34,C35,C43
C34,C42,C43
C35,C36,C44
C35,C43,C44
C36,D29,C45
C36,C44,C45
D29,D30,D38
D29,C45,D37
D29,D37,D38
D30,D31,D39
D30,D38,D39
D31,D32,D40
D31,D39,D40
D32,D33,D41
D32,D40,D41
D33,D34,D42
D33,D41,D42
D34,D35,D43
D34,D42,D43
D35,D36,D44
D35,D43,D44
D36,E29,D45
D36,D44,D45
E29,E30,E38
E29,D45,E37
E29,E37,E38
E30,E31,E39
E30,E38,E39
E31,E32,E40
E31,E39,E40
E32,E33,E41
E32,E40,E41
E33,E34,E42
E33,E41,E42
E34,E35,E43
E34,E42,E43
E35,E36,E44
E35,E43,E44
E36,A29,E45
E36,E44,E45
A29,A38,A37
A29,E45,A37
A38,A39,A48
A38,A37,A47
A38,A47,A48
A39,A40,A49
A39,A48,A49
A40,A41,A50
A40,A49,A50
A41,A42,A51
A41,A50,A51
A42,A43,A52
A42,A51,A52
A43,A44,A53
A43,A52,A53
A44,A45,A54
A44,A53,A54
A45,B37,A55
A45,A54,A55
B37,B38,B47
B37,A55,B46
B37,B46,B47
B38,B39,B48
B38,B47,B48
B39,B40,B49
B39,B48,B49
B40,B41,B50
B40,B49,B50
B41,B42,B51
B41,B50,B51
B42,B43,B52
B42,B51,B52
B43,B44,B53
B43,B52,B53
B44,B45,B54
B44,B53,B54
B45,C37,B55
B45,B54,B55
C37,C38,C47
C37,B55,C46
C37,C46,C47
C38,C39,C48
C38,C47,C48
C39,C40,C49
C39,C48,C49
C40,C41,C50
C40,C49,C50
C41,C42,C51
C41,C50,C51
C42,C43,C52
C42,C51,C52
C43,C44,C53
C43,C52,C53
C44,C45,C54
C44,C53,C54
C45,D37,C55
C45,C54,C55
D37,D38,D47
D37,C55,D46
D37,D46,D47
D38,D39,D48
D38,D47,D48
D39,D40,D49
D39,D48,D49
D40,D41,D50
D40,D49,D50
D41,D42,D51
D41,D50,D51
D42,D43,D52
D42,D51,D52
D43,D44,D53
D43,D52,D53
D44,D45,D54
D44,D53,D54
D45,E37,D55
D45,D54,D55
E37,E38,E47
E37,D55,E46
E37,E46,E47
E38,E39,E48
E38,E47,E48
E39,E40,E49
E39,E48,E49
E40,E41,E50
E40,E49,E50
E41,E42,E51
E41,E50,E51
E42,E43,E52
E42,E51,E52
E43,E44,E53
E43,E52,E53
E44,E45,E54
E44,E53,E54
E45,A37,E55
E45,E54,E55
A37,A47,A46
A37,E55,A46
A47,A48,A58
A47,A46,A57
A47,A57,A58
A48,A49,A59
A48,A58,A59
A49,A50,A60
A49,A59,A60
A50,A51,A61
A50,A60,A61
A51,A52,A62
A51,A61,A62
A52,A53,A63
A52,A62,A63
A53,A54,A64
A53,A63,A64
A54,A55,A65
A54,A64,A65
A55,B46,A66
A55,A65,A66
B46,B47,B57
B46,A66,B56
B46,B56,B57
B47,B48,B58
B47,B57,B58
B48,B49,B59
B48,B58,B59
B49,B50,B60
B49,B59,B60
B50,B51,B61
B50,B60,B61
B51,B52,B62
B51,B61,B62
B52,B53,B63
B52,B62,B63
B53,B54,B64
B53,B63,B64
B54,B55,B65
B54,B64,B65
B55,C46,B66
B55,B65,B66
C46,C47,C57
C46,B66,C56
C46,C56,C57
C47,C48,C58
C47,C57,C58
C48,C49,C59
C48,C58,C59
C49,C50,C60
C49,C59,C60
C50,C51,C61
C50,C60,C61
C51,C52,C62
C51,C61,C62
C52,C53,C63
C52,C62,C63
C53,C54,C64
C53,C63,C64
C54,C55,C65
C54,C64,C65
C55,D46,C66
C55,C65,C66
D46,D47,D57
D46,C66,D56
D46,D56,D57
D47,D48,D58
D47,D57,D58
D48,D49,D59
D48,D58,D59
D49,D50,D60
D49,D59,D60
D50,D51,D61
D50,D60,D61
D51,D52,D62
D51,D61,D62
D52,D53,D63
D52,D62,D63
D53,D54,D64
D53,D63,D64
D54,D55,D65
D54,D64,D65
D55,E46,D66
D55,D65,D66
E46,E47,E57
E46,D66,E56
E46,E56,E57
E47,E48,E58
E47,E57,E58
E48,E49,E59
E48,E58,E59
E49,E50,E60
E49,E59,E60
E50,E51,E61
E50,E60,E61
E51,E52,E62
E51,E61,E62
E52,E53,E63
E52,E62,E63
E53,E54,E64
E53,E63,E64
E54,E55,E65
E54,E64,E65
E55,A46,E66
E55,E65,E66
A46,A57,A56
A46,E66,A56
A57,A58,A69
A57,A56,A68
A57,A68,A69
A58,A59,A70
A58,A69,A70
A59,A60,A71
A59,A70,A71
A60,A61,A72
A60,A71,A72
A61,A62,A73
A61,A72,A73
A62,A63,A74
A62,A73,A74
A63,A64,A75
A63,A74,A75
A64,A65,A76
A64,A75,A76
A65,A66,A77
A65,A76,A77
A66,B56,A78
A66,A77,A78
B56,B57,B68
B56,A78,B67
B56,B67,B68
B57,B58,B69
B57,B68,B69
B58,B59,B70
B58,B69,B70
B59,B60,B71
B59,B70,B71
B60,B61,B72
B60,B71,B72
B61,B62,B73
B61,B72,B73
B62,B63,B74
B62,B73,B74
B63,B64,B75
B63,B74,B75
B64,B65,B76
B64,B75,B76
B65,B66,B77
B65,B76,B77
B66,C56,B78
B66,B77,B78
C56,C57,C68
C56,B78,C67
C56,C67,C68
C57,C58,C69
C57,C68,C69
C58,C59,C70
C58,C69,C70
C59,C60,C71
C59,C70,C71
C60,C61,C72
C60,C71,C72
C61,C62,C73
C61,C72,C73
C62,C63,C74
C62,C73,C74
C63,C64,C75
C63,C74,C75
C64,C65,C76
C64,C75,C76
C65,C66,C77
C65,C76,C77
C66,D56,C78
C66,C77,C78
D56,D57,D68
D56,C78,D67
D56,D67,D68
D57,D58,D69
D57,D68,D69
D58,D59,D70
D58,D69,D70
D59,D60,D71
D59,D70,D71
D60,D61,D72
D60,D71,D72
D61,D62,D73
D61,D72,D73
D62,D63,D74
D62,D73,D74
D63,D64,D75
D63,D74,D75
D64,D65,D76
D64,D75,D76
D65,D66,D77
D65,D76,D77
D66,E56,D78
D66,D77,D78
E56,E57,E68
E56,D78,E67
E56,E67,E68
E57,E58,E69
E57,E68,E69
E58,E59,E70
E58,E69,E70
E59,E60,E71
E59,E70,E71
E60,E61,E72
E60,E71,E72
E61,E62,E73
E61,E72,E73
E62,E63,E74
E62,E73,E74
E63,E64,E75
E63,E74,E75
E64,E65,E76
E64,E75,E76
E65,E66,E77
E65,E76,E77
E66,A56,E78
E66,E77,E78
A56,A68,A67
A56,E78,A67
A68,A69,A81
A68,A67,A80
A68,A80,A81
A69,A70,A82
A69,A81,A82
A70,A71,A83
A70,A82,A83
A71,A72,A84
A71,A83,A84
A72,A73,A85
A72,A84,A85
A73,A74,A86
A73,A85,A86
A74,A75,A87
A74,A86,A87
A75,A76,A88
A75,A87,A88
A76,A77,A89
A76,A88,A89
A77,A78,A90
A77,A89,A90
A78,B67,A91
A78,A90,A91
B67,B68,B80
B67,A91,B79
B67,B79,B80
B68,B69,B81
B68,B80,B81
B69,B70,B82
B69,B81,B82
B70,B71,B83
B70,B82,B83
B71,B72,B84
B71,B83,B84
B72,B73,B85
B72,B84,B85
B73,B74,B86
B73,B85,B86
B74,B75,B87
B74,B86,B87
B75,B76,B88
B75,B87,B88
B76,B77,B89
B76,B88,B89
B77,B78,B90
B77,B89,B90
B78,C67,B91
B78,B90,B91
C67,C68,C80
C67,B91,C79
C67,C79,C80
C68,C69,C81
C68,C80,C81
C69,C70,C82
C69,C81,C82
C70,C71,C83
C70,C82,C83
C71,C72,C84
C71,C83,C84
C72,C73,C85
C72,C84,C85
C73,C74,C86
C73,C85,C86
C74,C75,C87
C74,C86,C87
C75,C76,C88
C75,C87,C88
C76,C77,C89
C76,C88,C89
C77,C78,C90
C77,C89,C90
C78,D67,C91
C78,C90,C91
D67,D68,D80
D67,C91,D79
D67,D79,D80
D68,D69,D81
D68,D80,D81
D69,D70,D82
D69,D81,D82
D70,D71,D83
D70,D82,D83
D71,D72,D84
D71,D83,D84
D72,D73,D85
D72,D84,D85
D73,D74,D86
D73,D85,D86
D74,D75,D87
D74,D86,D87
D75,D76,D88
D75,D87,D88
D76,D77,D89
D76,D88,D89
D77,D78,D90
D77,D89,D90
D78,E67,D91
D78,D90,D91
E67,E68,E80
E67,D91,E79
E67,E79,E80
E68,E69,E81
E68,E80,E81
E69,E70,E82
E69,E81,E82
E70,E71,E83
E70,E82,E83
E71,E72,E84
E71,E83,E84
E72,E73,E85
E72,E84,E85
E73,E74,E86
E73,E85,E86
E74,E75,E87
E74,E86,E87
E75,E76,E88
E75,E87,E88
E76,E77,E89
E76,E88,E89
E77,E78,E90
E77,E89,E90
E78,A67,E91
E78,E90,E91
A67,A80,A79
A67,E91,A79
A80,A81,A94
A80,A79,A93
A80,A93,A94
A81,A82,A95
A81,A94,A95
A82,A83,A96
A82,A95,A96
A83,A84,A97
A83,A96,A97
A84,A85,A98
A84,A97,A98
A85,A86,A99
A85,A98,A99
A86,A87,A100
A86,A99,A100
A87,A88,A101
A87,A100,A101
A88,A89,A102
A88,A101,A102
A89,A90,A103
A89,A102,A103
A90,A91,A104
A90,A103,A104
A91,B79,A105
A91,A104,A105
B79,B80,B93
B79,A105,B92
B79,B92,B93
B80,B81,B94
B80,B93,B94
B81,B82,B95
B81,B94,B95
B82,B83,B96
B82,B95,B96
B83,B84,B97
B83,B96,B97
B84,B85,B98
B84,B97,B98
B85,B86,B99
B85,B98,B99
B86,B87,B100
B86,B99,B100
B87,B88,B101
B87,B100,B101
B88,B89,B102
B88,B101,B102
B89,B90,B103
B89,B102,B103
B90,B91,B104
B90,B103,B104
B91,C79,B105
B91,B104,B105
C79,C80,C93
C79,B105,C92
C79,C92,C93
C80,C81,C94
C80,C93,C94
C81,C82,C95
C81,C94,C95
C82,C83,C96
C82,C95,C96
C83,C84,C97
C83,C96,C97
C84,C85,C98
C84,C97,C98
C85,C86,C99
C85,C98,C99
C86,C87,C100
C86,C99,C100
C87,C88,C101
C87,C100,C101
C88,C89,C102
C88,C101,C102
C89,C90,C103
C89,C102,C103
C90,C91,C104
C90,C103,C104
C91,D79,C105
C91,C104,C105
D79,D80,D93
D79,C105,D92
D79,D92,D93
D80,D81,D94
D80,D93,D94
D81,D82,D95
D81,D94,D95
D82,D83,D96
D82,D95,D96
D83,D84,D97
D83,D96,D97
D84,D85,D98
D84,D97,D98
D85,D86,D99
D85,D98,D99
D86,D87,D100
D86,D99,D100
D87,D88,D101
D87,D100,D101
D88,D89,D102
D88,D101,D102
D89,D90,D103
D89,D102,D103
D90,D91,D104
D90,D103,D104
D91,E79,D105
D91,D104,D105
E79,E80,E93
E79,D105,E92
E79,E92,E93
E80,E81,E94
E80,E93,E94
E81,E82,E95
E81,E94,E95
E82,E83,E96
E82,E95,E96
E83,E84,E97
E83,E96,E97
E84,E85,E98
E84,E97,E98
E85,E86,E99
E85,E98,E99
E86,E87,E100
E86,E99,E100
E87,E88,E101
E87,E100,E101
E88,E89,E102
E88,E101,E102
E89,E90,E103
E89,E102,E103
E90,E91,E104
E90,E103,E104
E91,A79,E105
E91,E104,E105
A79,A93,A92
A79,E105,A92
A93,A94,A108
A93,A92,A107
A93,A107,A108
A94,A95,A109
A94,A108,A109
A95,A96,A110
A95,A109,A110
A96,A97,A111
A96,A110,A111
A97,A98,A112
A97,A111,A112
A98,A99,A113
A98,A112,A113
A99,A100,A114
A99,A113,A114
A100,A101,A115
A100,A114,A115
A101,A102,A116
A101,A115,A116
A102,A103,A117
A102,A116,A117
A103,A104,A118
A103,A117,A118
A104,A105,A119
A104,A118,A119
A105,B92,A120
A105,A119,A120
B92,B93,B107
B92,A120,B106
B92,B106,B107
B93,B94,B108
B93,B107,B108
B94,B95,B109
B94,B108,B109
B95,B96,B110
B95,B109,B110
B96,B97,B111
B96,B110,B111
B97,B98,B112
B97,B111,B112
B98,B99,B113
B98,B112,B113
B99,B100,B114
B99,B113,B114
B100,B101,B115
B100,B114,B115
B101,B102,B116
B101,B115,B116
B102,B103,B117
B102,B116,B117
B103,B104,B118
B103,B117,B118
B104,B105,B119
B104,B118,B119
B105,C92,B120
B105,B119,B120
C92,C93,C107
C92,B120,C106
C92,C106,C107
C93,C94,C108
C93,C107,C108
C94,C95,C109
C94,C108,C109
C95,C96,C110
C95,C109,C110
C96,C97,C111
C96,C110,C111
C97,C98,C112
C97,C111,C112
C98,C99,C113
C98,C112,C113
C99,C100,C114
C99,C113,C114
C100,C101,C115
C100,C114,C115
C101,C102,C116
C101,C115,C116
C102,C103,C117
C102,C116,C117
C103,C104,C118
C103,C117,C118
C104,C105,C119
C104,C118,C119
C105,D92,C120
C105,C119,C120
D92,D93,D107
D92,C120,D106
D92,D106,D107
D93,D94,D108
D93,D107,D108
D94,D95,D109
D94,D108,D109
D95,D96,D110
D95,D109,D110
D96,D97,D111
D96,D110,D111
D97,D98,D112
D97,D111,D112
D98,D99,D113
D98,D112,D113
D99,D100,D114
D99,D113,D114
D100,D101,D115
D100,D114,D115
D101,D102,D116
D101,D115,D116
D102,D103,D117
D102,D116,D117
D103,D104,D118
D103,D117,D118
D104,D105,D119
D104,D118,D119
D105,E92,D120
D105,D119,D120
E92,E93,E107
E92,D120,E106
E92,E106,E107
E93,E94,E108
E93,E107,E108
E94,E95,E109
E94,E108,E109
E95,E96,E110
E95,E109,E110
E96,E97,E111
E96,E110,E111
E97,E98,E112
E97,E111,E112
E98,E99,E113
E98,E112,E113
E99,E100,E114
E99,E113,E114
E100,E101,E115
E100,E114,E115
E101,E102,E116
E101,E115,E116
E102,E103,E117
E102,E116,E117
E103,E104,E118
E103,E117,E118
E104,E105,E119
E104,E118,E119
E105,A92,E120
E105,E119,E120
A92,A107,A106
A92,E120,A106
A107,A108,A123
A107,A106,A122
A107,A122,A123
A108,A109,A124
A108,A123,A124
A109,A110,A125
A109,A124,A125
A110,A111,A126
A110,A125,A126
A111,A112,A127
A111,A126,A127
A112,A113,A128
A112,A127,A128
A113,A114,A129
A113,A128,A129
A114,A115,A130
A114,A129,A130
A115,A116,A131
A115,A130,A131
A116,A117,A132
A116,A131,A132
A117,A118,A133
A117,A132,A133
A118,A119,A134
A118,A133,A134
A119,A120,A135
A119,A134,A135
A120,B106,A136
A120,A135,A136
B106,B107,B122
B106,A136,B121
B106,B121,B122
B107,B108,B123
B107,B122,B123
B108,B109,B124
B108,B123,B124
B109,B110,B125
B109,B124,B125
B110,B111,B126
B110,B125,B126
B111,B112,B127
B111,B126,B127
B112,B113,B128
B112,B127,B128
B113,B114,B129
B113,B128,B129
B114,B115,B130
B114,B129,B130
B115,B116,B131
B115,B130,B131
B116,B117,B132
B116,B131,B132
B117,B118,B133
B117,B132,B133
B118,B119,B134
B118,B133,B134
B119,B120,B135
B119,B134,B135
B120,C106,B136
B120,B135,B136
C106,C107,C122
C106,B136,C121
C106,C121,C122
C107,C108,C123
C107,C122,C123
C108,C109,C124
C108,C123,C124
C109,C110,C125
C109,C124,C125
C110,C111,C126
C110,C125,C126
C111,C112,C127
C111,C126,C127
C112,C113,C128
C112,C127,C128
C113,C114,C129
C113,C128,C129
C114,C115,C130
C114,C129,C130
C115,C116,C131
C115,C130,C131
C116,C117,C132
C116,C131,C132
C117,C118,C133
C117,C132,C133
C118,C119,C134
C118,C133,C134
C119,C120,C135
C119,C134,C135
C120,D106,C136
C120,C135,C136
D106,D107,D122
D106,C136,D121
D106,D121,D122
D107,D108,D123
D107,D122,D123
D108,D109,D124
D108,D123,D124
D109,D110,D125
D109,D124,D125
D110,D111,D126
D110,D125,D126
D111,D112,D127
D111,D126,D127
D112,D113,D128
D112,D127,D128
D113,D114,D129
D113,D128,D129
D114,D115,D130
D114,D129,D130
D115,D116,D131
D115,D130,D131
D116,D117,D132
D116,D131,D132
D117,D118,D133
D117,D132,D133
D118,D119,D134
D118,D133,D134
D119,D120,D135
D119,D134,D135
D120,E106,D136
D120,D135,D136
E106,E107,E122
E106,D136,E121
E106,E121,E122
E107,E108,E123
E107,E122,E123
E108,E109,E124
E108,E123,E124
E109,E110,E125
E109,E124,E125
E110,E111,E126
E110,E125,E126
E111,E112,E127
E111,E126,E127
E112,E113,E128
E112,E127,E128
E113,E114,E129
E113,E128,E129
E114,E115,E130
E114,E129,E130
E115,E116,E131
E115,E130,E131
E116,E117,E132
E116,E131,E132
E117,E118,E133
E117,E132,E133
E118,E119,E134
E118,E133,E134
E119,E120,E135
E119,E134,E135
E120,A106,E136
E120,E135,E136
A106,A122,A121
A106,E136,A121
A122,A123,A139
A122,A121,A138
A122,A138,A139
A123,A124,A140
A123,A139,A140
A124,A125,A141
A124,A140,A141
A125,A126,A142
A125,A141,A142
A126,A127,A143
A126,A142,A143
A127,A128,A144
A127,A143,A144
A128,A129,A145
A128,A144,A145
A129,A130,A146
A129,A145,A146
A130,A131,A147
A130,A146,A147
A131,A132,A148
A131,A147,A148
A132,A133,A149
A132,A148,A149
A133,A134,A150
A133,A149,A150
A134,A135,A151
A134,A150,A151
A135,A136,A152
A135,A151,A152
A136,B121,A153
A136,A152,A153
B121,B122,B138
B121,A153,B137
B121,B137,B138
B122,B123,B139
B122,B138,B139
B123,B124,B140
B123,B139,B140
B124,B125,B141
B124,B140,B141
B125,B126,B142
B125,B141,B142
B126,B127,B143
B126,B142,B143
B127,B128,B144
B127,B143,B144
B128,B129,B145
B128,B144,B145
B129,B130,B146
B129,B145,B146
B130,B131,B147
B130,B146,B147
B131,B132,B148
B131,B147,B148
B132,B133,B149
B132,B148,B149
B133,B134,B150
B133,B149,B150
B134,B135,B151
B134,B150,B151
B135,B136,B152
B135,B151,B152
B136,C121,B153
B136,B152,B153
C121,C122,C138
C121,B153,C137
C121,C137,C138
C122,C123,C139
C122,C138,C139
C123,C124,C140
C123,C139,C140
C124,C125,C141
C124,C140,C141
C125,C126,C142
C125,C141,C142
C126,C127,C143
C126,C142,C143
C127,C128,C144
C127,C143,C144
C128,C129,C145
C128,C144,C145
C129,C130,C146
C129,C145,C146
C130,C131,C147
C130,C146,C147
C131,C132,C148
C131,C147,C148
C132,C133,C149
C132,C148,C149
C133,C134,C150
C133,C149,C150
C134,C135,C151
C134,C150,C151
C135,C136,C152
C135,C151,C152
C136,D121,C153
C136,C152,C153
D121,D122,D138
D121,C153,D137
D121,D137,D138
D122,D123,D139
D122,D138,D139
D123,D124,D140
D123,D139,D140
D124,D125,D141
D124,D140,D141
D125,D126,D142
D125,D141,D142
D126,D127,D143
D126,D142,D143
D127,D128,D144
D127,D143,D144
D128,D129,D145
D128,D144,D145
D129,D130,D146
D129,D145,D146
D130,D131,D147
D130,D146,D147
D131,D132,D148
D131,D147,D148
D132,D133,D149
D132,D148,D149
D133,D134,D150
D133,D149,D150
D134,D135,D151
D134,D150,D151
D135,D136,D152
D135,D151,D152
D136,E121,D153
D136,D152,D153
E121,E122,E138
E121,D153,E137
E121,E137,E138
E122,E123,E139
E122,E138,E139
E123,E124,E140
E123,E139,E140
E124,E125,E141
E124,E140,E141
E125,E126,E142
E125,E141,E142
E126,E127,E143
E126,E142,E143
E127,E128,E144
E127,E143,E144
E128,E129,E145
E128,E144,E145
E129,E130,E146
E129,E145,E146
E130,E131,E147
E130,E146,E147
E131,E132,E148
E131,E147,E148
E132,E133,E149
E132,E148,E149
E133,E134,E150
E133,E149,E150
E134,E135,E151
E134,E150,E151
E135,E136,E152
E135,E151,E152
E136,A121,E153
E136,E152,E153
A121,A138,A137
A121,E153,A137
A138,A139,A156
A138,A137,A155
A138,A155,A156
A139,A140,A157
A139,A156,A157
A140,A141,A158
A140,A157,A158
A141,A142,A159
A141,A158,A159
A142,A143,A160
A142,A159,A160
A143,A144,A161
A143,A160,A161
A144,A145,A162
A144,A161,A162
A145,A146,A163
A145,A162,A163
A146,A147,A164
A146,A163,A164
A147,A148,A165
A147,A164,A165
A148,A149,A166
A148,A165,A166
A149,A150,A167
A149,A166,A167
A150,A151,A168
A150,A167,A168
A151,A152,A169
A151,A168,A169
A152,A153,A170
A152,A169,A170
A153,B137,A171
A153,A170,A171
B137,B138,B155
B137,A171,B154
B137,B154,B155
B138,B139,B156
B138,B155,B156
B139,B140,B157
B139,B156,B157
B140,B141,B158
B140,B157,B158
B141,B142,B159
B141,B158,B159
B142,B143,B160
B142,B159,B160
B143,B144,B161
B143,B160,B161
B144,B145,B162
B144,B161,B162
B145,B146,B163
B145,B162,B163
B146,B147,B164
B146,B163,B164
B147,B148,B165
B147,B164,B165
B148,B149,B166
B148,B165,B166
B149,B150,B167
B149,B166,B167
B150,B151,B168
B150,B167,B168
B151,B152,B169
B151,B168,B169
B152,B153,B170
B152,B169,B170
B153,C137,B171
B153,B170,B171
C137,C138,C155
C137,B171,C154
C137,C154,C155
C138,C139,C156
C138,C155,C156
C139,C140,C157
C139,C156,C157
C140,C141,C158
C140,C157,C158
C141,C142,C159
C141,C158,C159
C142,C143,C160
C142,C159,C160
C143,C144,C161
C143,C160,C161
C144,C145,C162
C144,C161,C162
C145,C146,C163
C145,C162,C163
C146,C147,C164
C146,C163,C164
C147,C148,C165
C147,C164,C165
C148,C149,C166
C148,C165,C166
C149,C150,C167
C149,C166,C167
C150,C151,C168
C150,C167,C168
C151,C152,C169
C151,C168,C169
C152,C153,C170
C152,C169,C170
C153,D137,C171
C153,C170,C171
D137,D138,D155
D137,C171,D154
D137,D154,D155
D138,D139,D156
D138,D155,D156
D139,D140,D157
D139,D156,D157
D140,D141,D158
D140,D157,D158
D141,D142,D159
D141,D158,D159
D142,D143,D160
D142,D159,D160
D143,D144,D161
D143,D160,D161
D144,D145,D162
D144,D161,D162
D145,D146,D163
D145,D162,D163
D146,D147,D164
D146,D163,D164
D147,D148,D165
D147,D164,D165
D148,D149,D166
D148,D165,D166
D149,D150,D167
D149,D166,D167
D150,D151,D168
D150,D167,D168
D151,D152,D169
D151,D168,D169
D152,D153,D170
D152,D169,D170
D153,E137,D171
D153,D170,D171
E137,E138,E155
E137,D171,E154
E137,E154,E155
E138,E139,E156
E138,E155,E156
E139,E140,E157
E139,E156,E157
E140,E141,E158
E140,E157,E158
E141,E142,E159
E141,E158,E159
E142,E143,E160
E142,E159,E160
E143,E144,E161
E143,E160,E161
E144,E145,E162
E144,E161,E162
E145,E146,E163
E145,E162,E163
E146,E147,E164
E146,E163,E164
E147,E148,E165
E147,E164,E165
E148,E149,E166
E148,E165,E166
E149,E150,E167
E149,E166,E167
E150,E151,E168
E150,E167,E168
E151,E152,E169
E151,E168,E169
E152,E153,E170
E152,E169,E170
E153,A137,E171
E153,E170,E171
A137,A155,A154
A137,E171,A154
A155,A156,A174
A155,A154,A173
A155,A173,A174
A156,A157,A175
A156,A174,A175
A157,A158,A176
A157,A175,A176
A158,A159,A177
A158,A176,A177
A159,A160,A178
A159,A177,A178
A160,A161,A179
A160,A178,A179
A161,A162,A180
A161,A179,A180
A162,A163,A181
A162,A180,A181
A163,A164,A182
A163,A181,A182
A164,A165,A183
A164,A182,A183
A165,A166,A184
A165,A183,A184
A166,A167,A185
A166,A184,A185
A167,A168,A186
A167,A185,A186
A168,A169,A187
A168,A186,A187
A169,A170,A188
A169,A187,A188
A170,A171,A189
A170,A188,A189
A171,B154,A190
A171,A189,A190
B154,B155,B173
B154,A190,B172
B154,B172,B173
B155,B156,B174
B155,B173,B174
B156,B157,B175
B156,B174,B175
B157,B158,B176
B157,B175,B176
B158,B159,B177
B158,B176,B177
B159,B160,B178
B159,B177,B178
B160,B161,B179
B160,B178,B179
B161,B162,B180
B161,B179,B180
B162,B163,B181
B162,B180,B181
B163,B164,B182
B163,B181,B182
B164,B165,B183
B164,B182,B183
B165,B166,B184
B165,B183,B184
B166,B167,B185
B166,B184,B185
B167,B168,B186
B167,B185,B186
B168,B169,B187
B168,B186,B187
B169,B170,B188
B169,B187,B188
B170,B171,B189
B170,B188,B189
B171,C154,B190
B171,B189,B190
C154,C155,C173
C154,B190,C172
C154,C172,C173
C155,C156,C174
C155,C173,C174
C156,C157,C175
C156,C174,C175
C157,C158,C176
C157,C175,C176
C158,C159,C177
C158,C176,C177
C159,C160,C178
C159,C177,C178
C160,C161,C179
C160,C178,C179
C161,C162,C180
C161,C179,C180
C162,C163,C181
C162,C180,C181
C163,C164,C182
C163,C181,C182
C164,C165,C183
C164,C182,C183
C165,C166,C184
C165,C183,C184
C166,C167,C185
C166,C184,C185
C167,C168,C186
C167,C185,C186
C168,C169,C187
C168,C186,C187
C169,C170,C188
C169,C187,C188
C170,C171,C189
C170,C188,C189
C171,D154,C190
C171,C189,C190
D154,D155,D173
D154,C190,D172
D154,D172,D173
D155,D156,D174
D155,D173,D174
D156,D157,D175
D156,D174,D175
D157,D158,D176
D157,D175,D176
D158,D159,D177
D158,D176,D177
D159,D160,D178
D159,D177,D178
D160,D161,D179
D160,D178,D179
D161,D162,D180
D161,D179,D180
D162,D163,D181
D162,D180,D181
D163,D164,D182
D163,D181,D182
D164,D165,D183
D164,D182,D183
D165,D166,D184
D165,D183,D184
D166,D167,D185
D166,D184,D185
D167,D168,D186
D167,D185,D186
D168,D169,D187
D168,D186,D187
D169,D170,D188
D169,D187,D188
D170,D171,D189
D170,D188,D189
D171,E154,D190
D171,D189,D190
E154,E155,E173
E154,D190,E172
E154,E172,E173
E155,E156,E174
E155,E173,E174
E156,E157,E175
E156,E174,E175
E157,E158,E176
E157,E175,E176
E158,E159,E177
E158,E176,E177
E159,E160,E178
E159,E177,E178
E160,E161,E179
E160,E178,E179
E161,E162,E180
E161,E179,E180
E162,E163,E181
E162,E180,E181
E163,E164,E182
E163,E181,E182
E164,E165,E183
E164,E182,E183
E165,E166,E184
E165,E183,E184
E166,E167,E185
E166,E184,E185
E167,E168,E186
E167,E185,E186
E168,E169,E187
E168,E186,E187
E169,E170,E188
E169,E187,E188
E170,E171,E189
E170,E188,E189
E171,A154,E190
E171,E189,E190
A154,A173,A172
A154,E190,A172
A173,A174,A193
A173,A172,A192
A173,A192,A193
A174,A175,A194
A174,A193,A194
A175,A176,A195
A175,A194,A195
A176,A177,A196
A176,A195,A196
A177,A178,A197
A177,A196,A197
A178,A179,A198
A178,A197,A198
A179,A180,A199
A179,A198,A199
A180,A181,A200
A180,A199,A200
A181,A182,A201
A181,A200,A201
A182,A183,A202
A182,A201,A202
A183,A184,A203
A183,A202,A203
A184,A185,A204
A184,A203,A204
A185,A186,A205
A185,A204,A205
A186,A187,A206
A186,A205,A206
A187,A188,A207
A187,A206,A207
A188,A189,A208
A188,A207,A208
A189,A190,A209
A189,A208,A209
A190,B172,A210
A190,A209,A210
B172,B173,B192
B172,A210,B191
B172,B191,B192
B173,B174,B193
B173,B192,B193
B174,B175,B194
B174,B193,B194
B175,B176,B195
B175,B194,B195
B176,B177,B196
B176,B195,B196
B177,B178,B197
B177,B196,B197
B178,B179,B198
B178,B197,B198
B179,B180,B199
B179,B198,B199
B180,B181,B200
B180,B199,B200
B181,B182,B201
B181,B200,B201
B182,B183,B202
B182,B201,B202
B183,B184,B203
B183,B202,B203
B184,B185,B204
B184,B203,B204
B185,B186,B205
B185,B204,B205
B186,B187,B206
B186,B205,B206
B187,B188,B207
B187,B206,B207
B188,B189,B208
B188,B207,B208
B189,B190,B209
B189,B208,B209
B190,C172,B210
B190,B209,B210
C172,C173,C192
C172,B210,C191
C172,C191,C192
C173,C174,C193
C173,C192,C193
C174,C175,C194
C174,C193,C194
C175,C176,C195
C175,C194,C195
C176,C177,C196
C176,C195,C196
C177,C178,C197
C177,C196,C197
C178,C179,C198
C178,C197,C198
C179,C180,C199
C179,C198,C199
C180,C181,C200
C180,C199,C200
C181,C182,C201
C181,C200,C201
C182,C183,C202
C182,C201,C202
C183,C184,C203
C183,C202,C203
C184,C185,C204
C184,C203,C204
C185,C186,C205
C185,C204,C205
C186,C187,C206
C186,C205,C206
C187,C188,C207
C187,C206,C207
C188,C189,C208
C188,C207,C208
C189,C190,C209
C189,C208,C209
C190,D172,C210
C190,C209,C210
D172,D173,D192
D172,C210,D191
D172,D191,D192
D173,D174,D193
D173,D192,D193
D174,D175,D194
D174,D193,D194
D175,D176,D195
D175,D194,D195
D176,D177,D196
D176,D195,D196
D177,D178,D197
D177,D196,D197
D178,D179,D198
D178,D197,D198
D179,D180,D199
D179,D198,D199
D180,D181,D200
D180,D199,D200
D181,D182,D201
D181,D200,D201
D182,D183,D202
D182,D201,D202
D183,D184,D203
D183,D202,D203
D184,D185,D204
D184,D203,D204
D185,D186,D205
D185,D204,D205
D186,D187,D206
D186,D205,D206
D187,D188,D207
D187,D206,D207
D188,D189,D208
D188,D207,D208
D189,D190,D209
D189,D208,D209
D190,E172,D210
D190,D209,D210
E172,E173,E192
E172,D210,E191
E172,E191,E192
E173,E174,E193
E173,E192,E193
E174,E175,E194
E174,E193,E194
E175,E176,E195
E175,E194,E195
E176,E177,E196
E176,E195,E196
E177,E178,E197
E177,E196,E197
E178,E179,E198
E178,E197,E198
E179,E180,E199
E179,E198,E199
E180,E181,E200
E180,E199,E200
E181,E182,E201
E181,E200,E201
E182,E183,E202
E182,E201,E202
E183,E184,E203
E183,E202,E203
E184,E185,E204
E184,E203,E204
E185,E186,E205
E185,E204,E205
E186,E187,E206
E186,E205,E206
E187,E188,E207
E187,E206,E207
E188,E189,E208
E188,E207,E208
E189,E190,E209
E189,E208,E209
E190,A172,E210
E190,E209,E210
A172,A192,A191
A172,E210,A191
A192,A193,A213
A192,A191,A212
A192,A212,A213
A193,A194,A214
A193,A213,A214
A194,A195,A215
A194,A214,A215
A195,A196,A216
A195,A215,A216
A196,A197,A217
A196,A216,A217
A197,A198,A218
A197,A217,A218
A198,A199,A219
A198,A218,A219
A199,A200,A220
A199,A219,A220
A200,A201,A221
A200,A220,A221
A201,A202,A222
A201,A221,A222
A202,A203,A223
A202,A222,A223
A203,A204,A224
A203,A223,A224
A204,A205,A225
A204,A224,A225
A205,A206,A226
A205,A225,A226
A206,A207,A227
A206,A226,A227
A207,A208,A228
A207,A227,A228
A208,A209,A229
A208,A228,A229
A209,A210,A230
A209,A229,A230
A210,B191,A231
A210,A230,A231
B191,B192,B212
B191,A231,B211
B191,B211,B212
B192,B193,B213
B192,B212,B213
B193,B194,B214
B193,B213,B214
B194,B195,B215
B194,B214,B215
B195,B196,B216
B195,B215,B216
B196,B197,B217
B196,B216,B217
B197,B198,B218
B197,B217,B218
B198,B199,B219
B198,B218,B219
B199,B200,B220
B199,B219,B220
B200,B201,B221
B200,B220,B221
B201,B202,B222
B201,B221,B222
B202,B203,B223
B202,B222,B223
B203,B204,B224
B203,B223,B224
B204,B205,B225
B204,B224,B225
B205,B206,B226
B205,B225,B226
B206,B207,B227
B206,B226,B227
B207,B208,B228
B207,B227,B228
B208,B209,B229
B208,B228,B229
B209,B210,B230
B209,B229,B230
B210,C191,B231
B210,B230,B231
C191,C192,C212
C191,B231,C211
C191,C211,C212
C192,C193,C213
C192,C212,C213
C193,C194,C214
C193,C213,C214
C194,C195,C215
C194,C214,C215
C195,C196,C216
C195,C215,C216
C196,C197,C217
C196,C216,C217
C197,C198,C218
C197,C217,C218
C198,C199,C219
C198,C218,C219
C199,C200,C220
C199,C219,C220
C200,C201,C221
C200,C220,C221
C201,C202,C222
C201,C221,C222
C202,C203,C223
C202,C222,C223
C203,C204,C224
C203,C223,C224
C204,C205,C225
C204,C224,C225
C205,C206,C226
C205,C225,C226
C206,C207,C227
C206,C226,C227
C207,C208,C228
C207,C227,C228
C208,C209,C229
C208,C228,C229
C209,C210,C230
C209,C229,C230
C210,D191,C231
C210,C230,C231
D191,D192,D212
D191,C231,D211
D191,D211,D212
D192,D193,D213
D192,D212,D213
D193,D194,D214
D193,D213,D214
D194,D195,D215
D194,D214,D215
D195,D196,D216
D195,D215,D216
D196,D197,D217
D196,D216,D217
D197,D198,D218
D197,D217,D218
D198,D199,D219
D198,D218,D219
D199,D200,D220
D199,D219,D220
D200,D201,D221
D200,D220,D221
D201,D202,D222
D201,D221,D222
D202,D203,D223
D202,D222,D223
D203,D204,D224
D203,D223,D224
D204,D205,D225
D204,D224,D225
D205,D206,D226
D205,D225,D226
D206,D207,D227
D206,D226,D227
D207,D208,D228
D207,D227,D228
D208,D209,D229
D208,D228,D229
D209,D210,D230
D209,D229,D230
D210,E191,D231
D210,D230,D231
E191,E192,E212
E191,D231,E211
E191,E211,E212
E192,E193,E213
E192,E212,E213
E193,E194,E214
E193,E213,E214
E194,E195,E215
E194,E214,E215
E195,E196,E216
E195,E215,E216
E196,E197,E217
E196,E216,E217
E197,E198,E218
E197,E217,E218
E198,E199,E219
E198,E218,E219
E199,E200,E220
E199,E219,E220
E200,E201,E221
E200,E220,E221
E201,E202,E222
E201,E221,E222
E202,E203,E223
E202,E222,E223
E203,E204,E224
E203,E223,E224
E204,E205,E225
E204,E224,E225
E205,E206,E226
E205,E225,E226
E206,E207,E227
E206,E226,E227
E207,E208,E228
E207,E227,E228
E208,E209,E229
E208,E228,E229
E209,E210,E230
E209,E229,E230
E210,A191,E231
E210,E230,E231
A191,A212,A211
A191,E231,A211
A212,A213,A234
A212,A211,A233
A212,A233,A234
A213,A214,A235
A213,A234,A235
A214,A215,A236
A214,A235,A236
A215,A216,A237
A215,A236,A237
A216,A217,A238
A216,A237,A238
A217,A218,A239
A217,A238,A239
A218,A219,A240
A218,A239,A240
A219,A220,A241
A219,A240,A241
A220,A221,A242
A220,A241,A242
A221,A222,A243
A221,A242,A243
A222,A223,A244
A222,A243,A244
A223,A224,A245
A223,A244,A245
A224,A225,A246
A224,A245,A246
A225,A226,A247
A225,A246,A247
A226,A227,A248
A226,A247,A248
A227,A228,A249
A227,A248,A249
A228,A229,A250
A228,A249,A250
A229,A230,A251
A229,A250,A251
A230,A231,A252
A230,A251,A252
A231,B211,A253
A231,A252,A253
B211,B212,B233
B211,A253,B232
B211,B232,B233
B212,B213,B234
B212,B233,B234
B213,B214,B235
B213,B234,B235
B214,B215,B236
B214,B235,B236
B215,B216,B237
B215,B236,B237
B216,B217,B238
B216,B237,B238
B217,B218,B239
B217,B238,B239
B218,B219,B240
B218,B239,B240
B219,B220,B241
B219,B240,B241
B220,B221,B242
B220,B241,B242
B221,B222,B243
B221,B242,B243
B222,B223,B244
B222,B243,B244
B223,B224,B245
B223,B244,B245
B224,B225,B246
B224,B245,B246
B225,B226,B247
B225,B246,B247
B226,B227,B248
B226,B247,B248
B227,B228,B249
B227,B248,B249
B228,B229,B250
B228,B249,B250
B229,B230,B251
B229,B250,B251
B230,B231,B252
B230,B251,B252
B231,C211,B253
B231,B252,B253
C211,C212,C233
C211,B253,C232
C211,C232,C233
C212,C213,C234
C212,C233,C234
C213,C214,C235
C213,C234,C235
C214,C215,C236
C214,C235,C236
C215,C216,C237
C215,C236,C237
C216,C217,C238
C216,C237,C238
C217,C218,C239
C217,C238,C239
C218,C219,C240
C218,C239,C240
C219,C220,C241
C219,C240,C241
C220,C221,C242
C220,C241,C242
C221,C222,C243
C221,C242,C243
C222,C223,C244
C222,C243,C244
C223,C224,C245
C223,C244,C245
C224,C225,C246
C224,C245,C246
C225,C226,C247
C225,C246,C247
C226,C227,C248
C226,C247,C248
C227,C228,C249
C227,C248,C249
C228,C229,C250
C228,C249,C250
C229,C230,C251
C229,C250,C251
C230,C231,C252
C230,C251,C252
C231,D211,C253
C231,C252,C253
D211,D212,D233
D211,C253,D232
D211,D232,D233
D212,D213,D234
D212,D233,D234
D213,D214,D235
D213,D234,D235
D214,D215,D236
D214,D235,D236
D215,D216,D237
D215,D236,D237
D216,D217,D238
D216,D237,D238
D217,D218,D239
D217,D238,D239
D218,D219,D240
D218,D239,D240
D219,D220,D241
D219,D240,D241
D220,D221,D242
D220,D241,D242
D221,D222,D243
D221,D242,D243
D222,D223,D244
D222,D243,D244
D223,D224,D245
D223,D244,D245
D224,D225,D246
D224,D245,D246
D225,D226,D247
D225,D246,D247
D226,D227,D248
D226,D247,D248
D227,D228,D249
D227,D248,D249
D228,D229,D250
D228,D249,D250
D229,D230,D251
D229,D250,D251
D230,D231,D252
D230,D251,D252
D231,E211,D253
D231,D252,D253
E211,E212,E233
E211,D253,E232
E211,E232,E233
E212,E213,E234
E212,E233,E234
E213,E214,E235
E213,E234,E235
E214,E215,E236
E214,E235,E236
E215,E216,E237
E215,E236,E237
E216,E217,E238
E216,E237,E238
E217,E218,E239
E217,E238,E239
E218,E219,E240
E218,E239,E240
E219,E220,E241
E219,E240,E241
E220,E221,E242
E220,E241,E242
E221,E222,E243
E221,E242,E243
E222,E223,E244
E222,E243,E244
E223,E224,E245
E223,E244,E245
E224,E225,E246
E224,E245,E246
E225,E226,E247
E225,E246,E247
E226,E227,E248
E226,E247,E248
E227,E228,E249
E227,E248,E249
E228,E229,E250
E228,E249,E250
E229,E230,E251
E229,E250,E251
E230,E231,E252
E230,E251,E252
E231,A211,E253
E231,E252,E253
A211,A233,A232
A211,E253,A232
A233,A234,A256
A233,A232,A255
A233,A255,A256
A234,A235,A257
A234,A256,A257
A235,A236,A258
A235,A257,A258
A236,A237,A259
A236,A258,A259
A237,A238,A260
A237,A259,A260
A238,A239,A261
A238,A260,A261
A239,A240,A262
A239,A261,A262
A240,A241,A263
A240,A262,A263
A241,A242,A264
A241,A263,A264
A242,A243,A265
A242,A264,A265
A243,A244,A266
A243,A265,A266
A244,A245,A267
A244,A266,A267
A245,A246,A268
A245,A267,A268
A246,A247,A269
A246,A268,A269
A247,A248,A270
A247,A269,A270
A248,A249,A271
A248,A270,A271
A249,A250,A272
A249,A271,A272
A250,A251,A273
A250,A272,A273
A251,A252,A274
A251,A273,A274
A252,A253,A275
A252,A274,A275
A253,B232,A276
A253,A275,A276
B232,B233,B255
B232,A276,B254
B232,B254,B255
B233,B234,B256
B233,B255,B256
B234,B235,B257
B234,B256,B257
B235,B236,B258
B235,B257,B258
B236,B237,B259
B236,B258,B259
B237,B238,B260
B237,B259,B260
B238,B239,B261
B238,B260,B261
B239,B240,B262
B239,B261,B262
B240,B241,B263
B240,B262,B263
B241,B242,B264
B241,B263,B264
B242,B243,B265
B242,B264,B265
B243,B244,B266
B243,B265,B266
B244,B245,B267
B244,B266,B267
B245,B246,B268
B245,B267,B268
B246,B247,B269
B246,B268,B269
B247,B248,B270
B247,B269,B270
B248,B249,B271
B248,B270,B271
B249,B250,B272
B249,B271,B272
B250,B251,B273
B250,B272,B273
B251,B252,B274
B251,B273,B274
B252,B253,B275
B252,B274,B275
B253,C232,B276
B253,B275,B276
C232,C233,C255
C232,B276,C254
C232,C254,C255
C233,C234,C256
C233,C255,C256
C234,C235,C257
C234,C256,C257
C235,C236,C258
C235,C257,C258
C236,C237,C259
C236,C258,C259
C237,C238,C260
C237,C259,C260
C238,C239,C261
C238,C260,C261
C239,C240,C262
C239,C261,C262
C240,C241,C263
C240,C262,C263
C241,C242,C264
C241,C263,C264
C242,C243,C265
C242,C264,C265
C243,C244,C266
C243,C265,C266
C244,C245,C267
C244,C266,C267
C245,C246,C268
C245,C267,C268
C246,C247,C269
C246,C268,C269
C247,C248,C270
C247,C269,C270
C248,C249,C271
C248,C270,C271
C249,C250,C272
C249,C271,C272
C250,C251,C273
C250,C272,C273
C251,C252,C274
C251,C273,C274
C252,C253,C275
C252,C274,C275
C253,D232,C276
C253,C275,C276
D232,D233,D255
D232,C276,D254
D232,D254,D255
D233,D234,D256
D233,D255,D256
D234,D235,D257
D234,D256,D257
D235,D236,D258
D235,D257,D258
D236,D237,D259
D236,D258,D259
D237,D238,D260
D237,D259,D260
D238,D239,D261
D238,D260,D261
D239,D240,D262
D239,D261,D262
D240,D241,D263
D240,D262,D263
D241,D242,D264
D241,D263,D264
D242,D243,D265
D242,D264,D265
D243,D244,D266
D243,D265,D266
D244,D245,D267
D244,D266,D267
D245,D246,D268
D245,D267,D268
D246,D247,D269
D246,D268,D269
D247,D248,D270
D247,D269,D270
D248,D249,D271
D248,D270,D271
D249,D250,D272
D249,D271,D272
D250,D251,D273
D250,D272,D273
D251,D252,D274
D251,D273,D274
D252,D253,D275
D252,D274,D275
D253,E232,D276
D253,D275,D276
E232,E233,E255
E232,D276,E254
E232,E254,E255
E233,E234,E256
E233,E255,E256
E234,E235,E257
E234,E256,E257
E235,E236,E258
E235,E257,E258
E236,E237,E259
E236,E258,E259
E237,E238,E260
E237,E259,E260
E238,E239,E261
E238,E260,E261
E239,E240,E262
E239,E261,E262
E240,E241,E263
E240,E262,E263
E241,E242,E264
E241,E263,E264
E242,E243,E265
E242,E264,E265
E243,E244,E266
E243,E265,E266
E244,E245,E267
E244,E266,E267
E245,E246,E268
E245,E267,E268
E246,E247,E269
E246,E268,E269
E247,E248,E270
E247,E269,E270
E248,E249,E271
E248,E270,E271
E249,E250,E272
E249,E271,E272
E250,E251,E273
E250,E272,E273
E251,E252,E274
E251,E273,E274
E252,E253,E275
E252,E274,E275
E253,A232,E276
E253,E275,E276
A232,A255,A254
A232,E276,A254
A255,A256,A279
A255,A254,A278
A255,A278,A279
A256,A257,A280
A256,A279,A280
A257,A258,A281
A257,A280,A281
A258,A259,A282
A258,A281,A282
A259,A260,A283
A259,A282,A283
A260,A261,A284
A260,A283,A284
A261,A262,A285
A261,A284,A285
A262,A263,A286
A262,A285,A286
A263,A264,A287
A263,A286,A287
A264,A265,A288
A264,A287,A288
A265,A266,A289
A265,A288,A289
A266,A267,A290
A266,A289,A290
A267,A268,A291
A267,A290,A291
A268,A269,A292
A268,A291,A292
A269,A270,A293
A269,A292,A293
A270,A271,A294
A270,A293,A294
A271,A272,A295
A271,A294,A295
A272,A273,A296
A272,A295,A296
A273,A274,A297
A273,A296,A297
A274,A275,A298
A274,A297,A298
A275,A276,A299
A275,A298,A299
A276,B254,A300
A276,A299,A300
B254,B255,B278
B254,A300,B277
B254,B277,B278
B255,B256,B279
B255,B278,B279
B256,B257,B280
B256,B279,B280
B257,B258,B281
B257,B280,B281
B258,B259,B282
B258,B281,B282
B259,B260,B283
B259,B282,B283
B260,B261,B284
B260,B283,B284
B261,B262,B285
B261,B284,B285
B262,B263,B286
B262,B285,B286
B263,B264,B287
B263,B286,B287
B264,B265,B288
B264,B287,B288
B265,B266,B289
B265,B288,B289
B266,B267,B290
B266,B289,B290
B267,B268,B291
B267,B290,B291
B268,B269,B292
B268,B291,B292
B269,B270,B293
B269,B292,B293
B270,B271,B294
B270,B293,B294
B271,B272,B295
B271,B294,B295
B272,B273,B296
B272,B295,B296
B273,B274,B297
B273,B296,B297
B274,B275,B298
B274,B297,B298
B275,B276,B299
B275,B298,B299
B276,C254,B300
B276,B299,B300
C254,C255,C278
C254,B300,C277
C254,C277,C278
C255,C256,C279
C255,C278,C279
C256,C257,C280
C256,C279,C280
C257,C258,C281
C257,C280,C281
C258,C259,C282
C258,C281,C282
C259,C260,C283
C259,C282,C283
C260,C261,C284
C260,C283,C284
C261,C262,C285
C261,C284,C285
C262,C263,C286
C262,C285,C286
C263,C264,C287
C263,C286,C287
C264,C265,C288
C264,C287,C288
C265,C266,C289
C265,C288,C289
C266,C267,C290
C266,C289,C290
C267,C268,C291
C267,C290,C291
C268,C269,C292
C268,C291,C292
C269,C270,C293
C269,C292,C293
C270,C271,C294
C270,C293,C294
C271,C272,C295
C271,C294,C295
C272,C273,C296
C272,C295,C296
C273,C274,C297
C273,C296,C297
C274,C275,C298
C274,C297,C298
C275,C276,C299
C275,C298,C299
C276,D254,C300
C276,C299,C300
D254,D255,D278
D254,C300,D277
D254,D277,D278
D255,D256,D279
D255,D278,D279
D256,D257,D280
D256,D279,D280
D257,D258,D281
D257,D280,D281
D258,D259,D282
D258,D281,D282
D259,D260,D283
D259,D282,D283
D260,D261,D284
D260,D283,D284
D261,D262,D285
D261,D284,D285
D262,D263,D286
D262,D285,D286
D263,D264,D287
D263,D286,D287
D264,D265,D288
D264,D287,D288
D265,D266,D289
D265,D288,D289
D266,D267,D290
D266,D289,D290
D267,D268,D291
D267,D290,D291
D268,D269,D292
D268,D291,D292
D269,D270,D293
D269,D292,D293
D270,D271,D294
D270,D293,D294
D271,D272,D295
D271,D294,D295
D272,D273,D296
D272,D295,D296
D273,D274,D297
D273,D296,D297
D274,D275,D298
D274,D297,D298
D275,D276,D299
D275,D298,D299
D276,E254,D300
D276,D299,D300
E254,E255,E278
E254,D300,E277
E254,E277,E278
E255,E256,E279
E255,E278,E279
E256,E257,E280
E256,E279,E280
E257,E258,E281
E257,E280,E281
E258,E259,E282
E258,E281,E282
E259,E260,E283
E259,E282,E283
E260,E261,E284
E260,E283,E284
E261,E262,E285
E261,E284,E285
E262,E263,E286
E262,E285,E286
E263,E264,E287
E263,E286,E287
E264,E265,E288
E264,E287,E288
E265,E266,E289
E265,E288,E289
E266,E267,E290
E266,E289,E290
E267,E268,E291
E267,E290,E291
E268,E269,E292
E268,E291,E292
E269,E270,E293
E269,E292,E293
E270,E271,E294
E270,E293,E294
E271,E272,E295
E271,E294,E295
E272,E273,E296
E272,E295,E296
E273,E274,E297
E273,E296,E297
E274,E275,E298
E274,E297,E298
E275,E276,E299
E275,E298,E299
E276,A254,E300
E276,E299,E300
A254,A278,A277
A254,E300,A277
A278,A279,A303
A278,A277,A302
A278,A302,A303
A279,A280,A304
A279,A303,A304
A280,A281,A305
A280,A304,A305
A281,A282,A306
A281,A305,A306
A282,A283,A307
A282,A306,A307
A283,A284,A308
A283,A307,A308
A284,A285,A309
A284,A308,A309
A285,A286,A310
A285,A309,A310
A286,A287,A311
A286,A310,A311
A287,A288,A312
A287,A311,A312
A288,A289,A313
A288,A312,A313
A289,A290,A314
A289,A313,A314
A290,A291,A315
A290,A314,A315
A291,A292,A316
A291,A315,A316
A292,A293,A317
A292,A316,A317
A293,A294,A318
A293,A317,A318
A294,A295,A319
A294,A318,A319
A295,A296,A320
A295,A319,A320
A296,A297,A321
A296,A320,A321
A297,A298,A322
A297,A321,A322
A298,A299,A323
A298,A322,A323
A299,A300,A324
A299,A323,A324
A300,B277,A325
A300,A324,A325
B277,B278,B302
B277,A325,B301
B277,B301,B302
B278,B279,B303
B278,B302,B303
B279,B280,B304
B279,B303,B304
B280,B281,B305
B280,B304,B305
B281,B282,B306
B281,B305,B306
B282,B283,B307
B282,B306,B307
B283,B284,B308
B283,B307,B308
B284,B285,B309
B284,B308,B309
B285,B286,B310
B285,B309,B310
B286,B287,B311
B286,B310,B311
B287,B288,B312
B287,B311,B312
B288,B289,B313
B288,B312,B313
B289,B290,B314
B289,B313,B314
B290,B291,B315
B290,B314,B315
B291,B292,B316
B291,B315,B316
B292,B293,B317
B292,B316,B317
B293,B294,B318
B293,B317,B318
B294,B295,B319
B294,B318,B319
B295,B296,B320
B295,B319,B320
B296,B297,B321
B296,B320,B321
B297,B298,B322
B297,B321,B322
B298,B299,B323
B298,B322,B323
B299,B300,B324
B299,B323,B324
B300,C277,B325
B300,B324,B325
C277,C278,C302
C277,B325,C301
C277,C301,C302
C278,C279,C303
C278,C302,C303
C279,C280,C304
C279,C303,C304
C280,C281,C305
C280,C304,C305
C281,C282,C306
C281,C305,C306
C282,C283,C307
C282,C306,C307
C283,C284,C308
C283,C307,C308
C284,C285,C309
C284,C308,C309
C285,C286,C310
C285,C309,C310
C286,C287,C311
C286,C310,C311
C287,C288,C312
C287,C311,C312
C288,C289,C313
C288,C312,C313
C289,C290,C314
C289,C313,C314
C290,C291,C315
C290,C314,C315
C291,C292,C316
C291,C315,C316
C292,C293,C317
C292,C316,C317
C293,C294,C318
C293,C317,C318
C294,C295,C319
C294,C318,C319
C295,C296,C320
C295,C319,C320
C296,C297,C321
C296,C320,C321
C297,C298,C322
C297,C321,C322
C298,C299,C323
C298,C322,C323
C299,C300,C324
C299,C323,C324
C300,D277,C325
C300,C324,C325
D277,D278,D302
D277,C325,D301
D277,D301,D302
D278,D279,D303
D278,D302,D303
D279,D280,D304
D279,D303,D304
D280,D281,D305
D280,D304,D305
D281,D282,D306
D281,D305,D306
D282,D283,D307
D282,D306,D307
D283,D284,D308
D283,D307,D308
D284,D285,D309
D284,D308,D309
D285,D286,D310
D285,D309,D310
D286,D287,D311
D286,D310,D311
D287,D288,D312
D287,D311,D312
D288,D289,D313
D288,D312,D313
D289,D290,D314
D289,D313,D314
D290,D291,D315
D290,D314,D315
D291,D292,D316
D291,D315,D316
D292,D293,D317
D292,D316,D317
D293,D294,D318
D293,D317,D318
D294,D295,D319
D294,D318,D319
D295,D296,D320
D295,D319,D320
D296,D297,D321
D296,D320,D321
D297,D298,D322
D297,D321,D322
D298,D299,D323
D298,D322,D323
D299,D300,D324
D299,D323,D324
D300,E277,D325
D300,D324,D325
E277,E278,E302
E277,D325,E301
E277,E301,E302
E278,E279,E303
E278,E302,E303
E279,E280,E304
E279,E303,E304
E280,E281,E305
E280,E304,E305
E281,E282,E306
E281,E305,E306
E282,E283,E307
E282,E306,E307
E283,E284,E308
E283,E307,E308
E284,E285,E309
E284,E308,E309
E285,E286,E310
E285,E309,E310
E286,E287,E311
E286,E310,E311
E287,E288,E312
E287,E311,E312
E288,E289,E313
E288,E312,E313
E289,E290,E314
E289,E313,E314
E290,E291,E315
E290,E314,E315
E291,E292,E316
E291,E315,E316
E292,E293,E317
E292,E316,E317
E293,E294,E318
E293,E317,E318
E294,E295,E319
E294,E318,E319
E295,E296,E320
E295,E319,E320
E296,E297,E321
E296,E320,E321
E297,E298,E322
E297,E321,E322
E298,E299,E323
E298,E322,E323
E299,E300,E324
E299,E323,E324
E300,A277,E325
E300,E324,E325
A277,A302,A301
A277,E325,A301
A302,A303,A328
A302,A301,A327
A302,A327,A328
A303,A304,A329
A303,A328,A329
A304,A305,A330
A304,A329,A330
A305,A306,A331
A305,A330,A331
A306,A307,A332
A306,A331,A332
A307,A308,A333
A307,A332,A333
A308,A309,A334
A308,A333,A334
A309,A310,A335
A309,A334,A335
A310,A311,A336
A310,A335,A336
A311,A312,A337
A311,A336,A337
A312,A313,A338
A312,A337,A338
A313,A314,A339
A313,A338,A339
A314,A315,A340
A314,A339,A340
A315,A316,A341
A315,A340,A341
A316,A317,A342
A316,A341,A342
A317,A318,A343
A317,A342,A343
A318,A319,A344
A318,A343,A344
A319,A320,A345
A319,A344,A345
A320,A321,A346
A320,A345,A346
A321,A322,A347
A321,A346,A347
A322,A323,A348
A322,A347,A348
A323,A324,A349
A323,A348,A349
A324,A325,A350
A324,A349,A350
A325,B301,A351
A325,A350,A351
B301,B302,B327
B301,A351,B326
B301,B326,B327
B302,B303,B328
B302,B327,B328
B303,B304,B329
B303,B328,B329
B304,B305,B330
B304,B329,B330
B305,B306,B331
B305,B330,B331
B306,B307,B332
B306,B331,B332
B307,B308,B333
B307,B332,B333
B308,B309,B334
B308,B333,B334
B309,B310,B335
B309,B334,B335
B310,B311,B336
B310,B335,B336
B311,B312,B337
B311,B336,B337
B312,B313,B338
B312,B337,B338
B313,B314,B339
B313,B338,B339
B314,B315,B340
B314,B339,B340
B315,B316,B341
B315,B340,B341
B316,B317,B342
B316,B341,B342
B317,B318,B343
B317,B342,B343
B318,B319,B344
B318,B343,B344
B319,B320,B345
B319,B344,B345
B320,B321,B346
B320,B345,B346
B321,B322,B347
B321,B346,B347
B322,B323,B348
B322,B347,B348
B323,B324,B349
B323,B348,B349
B324,B325,B350
B324,B349,B350
B325,C301,B351
B325,B350,B351
C301,C302,C327
C301,B351,C326
C301,C326,C327
C302,C303,C328
C302,C327,C328
C303,C304,C329
C303,C328,C329
C304,C305,C330
C304,C329,C330
C305,C306,C331
C305,C330,C331
C306,C307,C332
C306,C331,C332
C307,C308,C333
C307,C332,C333
C308,C309,C334
C308,C333,C334
C309,C310,C335
C309,C334,C335
C310,C311,C336
C310,C335,C336
C311,C312,C337
C311,C336,C337
C312,C313,C338
C312,C337,C338
C313,C314,C339
C313,C338,C339
C314,C315,C340
C314,C339,C340
C315,C316,C341
C315,C340,C341
C316,C317,C342
C316,C341,C342
C317,C318,C343
C317,C342,C343
C318,C319,C344
C318,C343,C344
C319,C320,C345
C319,C344,C345
C320,C321,C346
C320,C345,C346
C321,C322,C347
C321,C346,C347
C322,C323,C348
C322,C347,C348
C323,C324,C349
C323,C348,C349
C324,C325,C350
C324,C349,C350
C325,D301,C351
C325,C350,C351
D301,D302,D327
D301,C351,D326
D301,D326,D327
D302,D303,D328
D302,D327,D328
D303,D304,D329
D303,D328,D329
D304,D305,D330
D304,D329,D330
D305,D306,D331
D305,D330,D331
D306,D307,D332
D306,D331,D332
D307,D308,D333
D307,D332,D333
D308,D309,D334
D308,D333,D334
D309,D310,D335
D309,D334,D335
D310,D311,D336
D310,D335,D336
D311,D312,D337
D311,D336,D337
D312,D313,D338
D312,D337,D338
D313,D314,D339
D313,D338,D339
D314,D315,D340
D314,D339,D340
D315,D316,D341
D315,D340,D341
D316,D317,D342
D316,D341,D342
D317,D318,D343
D317,D342,D343
D318,D319,D344
D318,D343,D344
D319,D320,D345
D319,D344,D345
D320,D321,D346
D320,D345,D346
D321,D322,D347
D321,D346,D347
D322,D323,D348
D322,D347,D348
D323,D324,D349
D323,D348,D349
D324,D325,D350
D324,D349,D350
D325,E301,D351
D325,D350,D351
E301,E302,E327
E301,D351,E326
E301,E326,E327
E302,E303,E328
E302,E327,E328
E303,E304,E329
E303,E328,E329
E304,E305,E330
E304,E329,E330
E305,E306,E331
E305,E330,E331
E306,E307,E332
E306,E331,E332
E307,E308,E333
E307,E332,E333
E308,E309,E334
E308,E333,E334
E309,E310,E335
E309,E334,E335
E310,E311,E336
E310,E335,E336
E311,E312,E337
E311,E336,E337
E312,E313,E338
E312,E337,E338
E313,E314,E339
E313,E338,E339
E314,E315,E340
E314,E339,E340
E315,E316,E341
E315,E340,E341
E316,E317,E342
E316,E341,E342
E317,E318,E343
E317,E342,E343
E318,E319,E344
E318,E343,E344
E319,E320,E345
E319,E344,E345
E320,E321,E346
E320,E345,E346
E321,E322,E347
E321,E346,E347
E322,E323,E348
E322,E347,E348
E323,E324,E349
E323,E348,E349
E324,E325,E350
E324,E349,E350
E325,A301,E351
E325,E350,E351
A301,A327,A326
A301,E351,A326
A327,A328,A354
A327,A326,A353
A327,A353,A354
A328,A329,A355
A328,A354,A355
A329,A330,A356
A329,A355,A356
A330,A331,A357
A330,A356,A357
A331,A332,A358
A331,A357,A358
A332,A333,A359
A332,A358,A359
A333,A334,A360
A333,A359,A360
A334,A335,A361
A334,A360,A361
A335,A336,A362
A335,A361,A362
A336,A337,A363
A336,A362,A363
A337,A338,A364
A337,A363,A364
A338,A339,A365
A338,A364,A365
A339,A340,A366
A339,A365,A366
A340,A341,A367
A340,A366,A367
A341,A342,A368
A341,A367,A368
A342,A343,A369
A342,A368,A369
A343,A344,A370
A343,A369,A370
A344,A345,A371
A344,A370,A371
A345,A346,A372
A345,A371,A372
A346,A347,A373
A346,A372,A373
A347,A348,A374
A347,A373,A374
A348,A349,A375
A348,A374,A375
A349,A350,A376
A349,A375,A376
A350,A351,A377
A350,A376,A377
A351,B326,A378
A351,A377,A378
B326,B327,B353
B326,A378,B352
B326,B352,B353
B327,B328,B354
B327,B353,B354
B328,B329,B355
B328,B354,B355
B329,B330,B356
B329,B355,B356
B330,B331,B357
B330,B356,B357
B331,B332,B358
B331,B357,B358
B332,B333,B359
B332,B358,B359
B333,B334,B360
B333,B359,B360
B334,B335,B361
B334,B360,B361
B335,B336,B362
B335,B361,B362
B336,B337,B363
B336,B362,B363
B337,B338,B364
B337,B363,B364
B338,B339,B365
B338,B364,B365
B339,B340,B366
B339,B365,B366
B340,B341,B367
B340,B366,B367
B341,B342,B368
B341,B367,B368
B342,B343,B369
B342,B368,B369
B343,B344,B370
B343,B369,B370
B344,B345,B371
B344,B370,B371
B345,B346,B372
B345,B371,B372
B346,B347,B373
B346,B372,B373
B347,B348,B374
B347,B373,B374
B348,B349,B375
B348,B374,B375
B349,B350,B376
B349,B375,B376
B350,B351,B377
B350,B376,B377
B351,C326,B378
B351,B377,B378
C326,C327,C353
C326,B378,C352
C326,C352,C353
C327,C328,C354
C327,C353,C354
C328,C329,C355
C328,C354,C355
C329,C330,C356
C329,C355,C356
C330,C331,C357
C330,C356,C357
C331,C332,C358
C331,C357,C358
C332,C333,C359
C332,C358,C359
C333,C334,C360
C333,C359,C360
C334,C335,C361
C334,C360,C361
C335,C336,C362
C335,C361,C362
C336,C337,C363
C336,C362,C363
C337,C338,C364
C337,C363,C364
C338,C339,C365
C338,C364,C365
C339,C340,C366
C339,C365,C366
C340,C341,C367
C340,C366,C367
C341,C342,C368
C341,C367,C368
C342,C343,C369
C342,C368,C369
C343,C344,C370
C343,C369,C370
C344,C345,C371
C344,C370,C371
C345,C346,C372
C345,C371,C372
C346,C347,C373
C346,C372,C373
C347,C348,C374
C347,C373,C374
C348,C349,C375
C348,C374,C375
C349,C350,C376
C349,C375,C376
C350,C351,C377
C350,C376,C377
C351,D326,C378
C351,C377,C378
D326,D327,D353
D326,C378,D352
D326,D352,D353
D327,D328,D354
D327,D353,D354
D328,D329,D355
D328,D354,D355
D329,D330,D356
D329,D355,D356
D330,D331,D357
D330,D356,D357
D331,D332,D358
D331,D357,D358
D332,D333,D359
D332,D358,D359
D333,D334,D360
D333,D359,D360
D334,D335,D361
D334,D360,D361
D335,D336,D362
D335,D361,D362
D336,D337,D363
D336,D362,D363
D337,D338,D364
D337,D363,D364
D338,D339,D365
D338,D364,D365
D339,D340,D366
D339,D365,D366
D340,D341,D367
D340,D366,D367
D341,D342,D368
D341,D367,D368
D342,D343,D369
D342,D368,D369
D343,D344,D370
D343,D369,D370
D344,D345,D371
D344,D370,D371
D345,D346,D372
D345,D371,D372
D346,D347,D373
D346,D372,D373
D347,D348,D374
D347,D373,D374
D348,D349,D375
D348,D374,D375
D349,D350,D376
D349,D375,D376
D350,D351,D377
D350,D376,D377
D351,E326,D378
D351,D377,D378
E326,E327,E353
E326,D378,E352
E326,E352,E353
E327,E328,E354
E327,E353,E354
E328,E329,E355
E328,E354,E355
E329,E330,E356
E329,E355,E356
E330,E331,E357
E330,E356,E357
E331,E332,E358
E331,E357,E358
E332,E333,E359
E332,E358,E359
E333,E334,E360
E333,E359,E360
E334,E335,E361
E334,E360,E361
E335,E336,E362
E335,E361,E362
E336,E337,E363
E336,E362,E363
E337,E338,E364
E337,E363,E364
E338,E339,E365
E338,E364,E365
E339,E340,E366
E339,E365,E366
E340,E341,E367
E340,E366,E367
E341,E342,E368
E341,E367,E368
E342,E343,E369
E342,E368,E369
E343,E344,E370
E343,E369,E370
E344,E345,E371
E344,E370,E371
E345,E346,E372
E345,E371,E372
E346,E347,E373
E346,E372,E373
E347,E348,E374
E347,E373,E374
E348,E349,E375
E348,E374,E375
E349,E350,E376
E349,E375,E376
E350,E351,E377
E350,E376,E377
E351,A326,E378
E351,E377,E378
A326,A353,A352
A326,E378,A352
A353,A354,A381
A353,A352,A380
A353,A380,A381
A354,A355,A382
A354,A381,A382
A355,A356,A383
A355,A382,A383
A356,A357,A384
A356,A383,A384
A357,A358,A385
A357,A384,A385
A358,A359,A386
A358,A385,A386
A359,A360,A387
A359,A386,A387
A360,A361,A388
A360,A387,A388
A361,A362,A389
A361,A388,A389
A362,A363,A390
A362,A389,A390
A363,A364,A391
A363,A390,A391
A364,A365,A392
A364,A391,A392
A365,A366,A393
A365,A392,A393
A366,A367,A394
A366,A393,A394
A367,A368,A395
A367,A394,A395
A368,A369,A396
A368,A395,A396
A369,A370,A397
A369,A396,A397
A370,A371,A398
A370,A397,A398
A371,A372,A399
A371,A398,A399
A372,A373,A400
A372,A399,A400
A373,A374,A401
A373,A400,A401
A374,A375,A402
A374,A401,A402
A375,A376,A403
A375,A402,A403
A376,A377,A404
A376,A403,A404
A377,A378,A405
A377,A404,A405
A378,B352,A406
A378,A405,A406
B352,B353,B380
B352,A406,B379
B352,B379,B380
B353,B354,B381
B353,B380,B381
B354,B355,B382
B354,B381,B382
B355,B356,B383
B355,B382,B383
B356,B357,B384
B356,B383,B384
B357,B358,B385
B357,B384,B385
B358,B359,B386
B358,B385,B386
B359,B360,B387
B359,B386,B387
B360,B361,B388
B360,B387,B388
B361,B362,B389
B361,B388,B389
B362,B363,B390
B362,B389,B390
B363,B364,B391
B363,B390,B391
B364,B365,B392
B364,B391,B392
B365,B366,B393
B365,B392,B393
B366,B367,B394
B366,B393,B394
B367,B368,B395
B367,B394,B395
B368,B369,B396
B368,B395,B396
B369,B370,B397
B369,B396,B397
B370,B371,B398
B370,B397,B398
B371,B372,B399
B371,B398,B399
B372,B373,B400
B372,B399,B400
B373,B374,B401
B373,B400,B401
B374,B375,B402
B374,B401,B402
B375,B376,B403
B375,B402,B403
B376,B377,B404
B376,B403,B404
B377,B378,B405
B377,B404,B405
B378,C352,B406
B378,B405,B406
C352,C353,C380
C352,B406,C379
C352,C379,C380
C353,C354,C381
C353,C380,C381
C354,C355,C382
C354,C381,C382
C355,C356,C383
C355,C382,C383
C356,C357,C384
C356,C383,C384
C357,C358,C385
C357,C384,C385
C358,C359,C386
C358,C385,C386
C359,C360,C387
C359,C386,C387
C360,C361,C388
C360,C387,C388
C361,C362,C389
C361,C388,C389
C362,C363,C390
C362,C389,C390
C363,C364,C391
C363,C390,C391
C364,C365,C392
C364,C391,C392
C365,C366,C393
C365,C392,C393
C366,C367,C394
C366,C393,C394
C367,C368,C395
C367,C394,C395
C368,C369,C396
C368,C395,C396
C369,C370,C397
C369,C396,C397
C370,C371,C398
C370,C397,C398
C371,C372,C399
C371,C398,C399
C372,C373,C400
C372,C399,C400
C373,C374,C401
C373,C400,C401
C374,C375,C402
C374,C401,C402
C375,C376,C403
C375,C402,C403
C376,C377,C404
C376,C403,C404
C377,C378,C405
C377,C404,C405
C378,D352,C406
C378,C405,C406
D352,D353,D380
D352,C406,D379
D352,D379,D380
D353,D354,D381
D353,D380,D381
D354,D355,D382
D354,D381,D382
D355,D356,D383
D355,D382,D383
D356,D357,D384
D356,D383,D384
D357,D358,D385
D357,D384,D385
D358,D359,D386
D358,D385,D386
D359,D360,D387
D359,D386,D387
D360,D361,D388
D360,D387,D388
D361,D362,D389
D361,D388,D389
D362,D363,D390
D362,D389,D390
D363,D364,D391
D363,D390,D391
D364,D365,D392
D364,D391,D392
D365,D366,D393
D365,D392,D393
D366,D367,D394
D366,D393,D394
D367,D368,D395
D367,D394,D395
D368,D369,D396
D368,D395,D396
D369,D370,D397
D369,D396,D397
D370,D371,D398
D370,D397,D398
D371,D372,D399
D371,D398,D399
D372,D373,D400
D372,D399,D400
D373,D374,D401
D373,D400,D401
D374,D375,D402
D374,D401,D402
D375,D376,D403
D375,D402,D403
D376,D377,D404
D376,D403,D404
D377,D378,D405
D377,D404,D405
D378,E352,D406
D378,D405,D406
E352,E353,E380
E352,D406,E379
E352,E379,E380
E353,E354,E381
E353,E380,E381
E354,E355,E382
E354,E381,E382
E355,E356,E383
E355,E382,E383
E356,E357,E384
E356,E383,E384
E357,E358,E385
E357,E384,E385
E358,E359,E386
E358,E385,E386
E359,E360,E387
E359,E386,E387
E360,E361,E388
E360,E387,E388
E361,E362,E389
E361,E388,E389
E362,E363,E390
E362,E389,E390
E363,E364,E391
E363,E390,E391
E364,E365,E392
E364,E391,E392
E365,E366,E393
E365,E392,E393
E366,E367,E394
E366,E393,E394
E367,E368,E395
E367,E394,E395
E368,E369,E396
E368,E395,E396
E369,E370,E397
E369,E396,E397
E370,E371,E398
E370,E397,E398
E371,E372,E399
E371,E398,E399
E372,E373,E400
E372,E399,E400
E373,E374,E401
E373,E400,E401
E374,E375,E402
E374,E401,E402
E375,E376,E403
E375,E402,E403
E376,E377,E404
E376,E403,E404
E377,E378,E405
E377,E404,E405
E378,A352,E406
E378,E405,E406
A352,A380,A379
A352,E406,A379
A381,A382,A407
A382,A383,A408
A382,A407,A408
A383,A384,A409
A383,A408,A409
A384,A385,A410
A384,A409,A410
A385,A386,A411
A385,A410,A411
A386,A387,A412
A386,A411,A412
A387,A388,A413
A387,A412,A413
A388,A389,A414
A388,A413,A414
A389,A390,A415
A389,A414,A415
A390,A391,A416
A390,A415,A416
A391,A392,A417
A391,A416,A417
A392,A393,A418
A392,A417,A418
A393,A394,A419
A393,A418,A419
A394,A395,A420
A394,A419,A420
A395,A396,A421
A395,A420,A421
A396,A397,A422
A396,A421,A422
A397,A398,A423
A397,A422,A423
A398,A399,A424
A398,A423,A424
A399,A400,A425
A399,A424,A425
A400,A401,A426
A400,A425,A426
A401,A402,A427
A401,A426,A427
A402,A403,A428
A402,A427,A428
A403,A404,A429
A403,A428,A429
A404,A405,A430
A404,A429,A430
B381,B382,B407
B382,B383,B408
B382,B407,B408
B383,B384,B409
B383,B408,B409
B384,B385,B410
B384,B409,B410
B385,B386,B411
B385,B410,B411
B386,B387,B412
B386,B411,B412
B387,B388,B413
B387,B412,B413
B388,B389,B414
B388,B413,B414
B389,B390,B415
B389,B414,B415
B390,B391,B416
B390,B415,B416
B391,B392,B417
B391,B416,B417
B392,B393,B418
B392,B417,B418
B393,B394,B419
B393,B418,B419
B394,B395,B420
B394,B419,B420
B395,B396,B421
B395,B420,B421
B396,B397,B422
B396,B421,B422
B397,B398,B423
B397,B422,B423
B398,B399,B424
B398,B423,B424
B399,B400,B425
B399,B424,B425
B400,B401,B426
B400,B425,B426
B401,B402,B427
B401,B426,B427
B402,B403,B428
B402,B427,B428
B403,B404,B429
B403,B428,B429
B404,B405,B430
B404,B429,B430
C381,C382,C407
C382,C383,C408
C382,C407,C408
C383,C384,C409
C383,C408,C409
C384,C385,C410
C384,C409,C410
C385,C386,C411
C385,C410,C411
C386,C387,C412
C386,C411,C412
C387,C388,C413
C387,C412,C413
C388,C389,C414
C388,C413,C414
C389,C390,C415
C389,C414,C415
C390,C391,C416
C390,C415,C416
C391,C392,C417
C391,C416,C417
C392,C393,C418
C392,C417,C418
C393,C394,C419
C393,C418,C419
C394,C395,C420
C394,C419,C420
C395,C396,C421
C395,C420,C421
C396,C397,C422
C396,C421,C422
C397,C398,C423
C397,C422,C423
C398,C399,C424
C398,C423,C424
C399,C400,C425
C399,C424,C425
C400,C401,C426
C400,C425,C426
C401,C402,C427
C401,C426,C427
C402,C403,C428
C402,C427,C428
C403,C404,C429
C403,C428,C429
C404,C405,C430
C404,C429,C430
D381,D382,D407
D382,D383,D408
D382,D407,D408
D383,D384,D409
D383,D408,D409
D384,D385,D410
D384,D409,D410
D385,D386,D411
D385,D410,D411
D386,D387,D412
D386,D411,D412
D387,D388,D413
D387,D412,D413
D388,D389,D414
D388,D413,D414
D389,D390,D415
D389,D414,D415
D390,D391,D416
D390,D415,D416
D391,D392,D417
D391,D416,D417
D392,D393,D418
D392,D417,D418
D393,D394,D419
D393,D418,D419
D394,D395,D420
D394,D419,D420
D395,D396,D421
D395,D420,D421
D396,D397,D422
D396,D421,D422
D397,D398,D423
D397,D422,D423
D398,D399,D424
D398,D423,D424
D399,D400,D425
D399,D424,D425
D400,D401,D426
D400,D425,D426
D401,D402,D427
D401,D426,D427
D402,D403,D428
D402,D427,D428
D403,D404,D429
D403,D428,D429
D404,D405,D430
D404,D429,D430
E381,E382,E407
E382,E383,E408
E382,E407,E408
E383,E384,E409
E383,E408,E409
E384,E385,E410
E384,E409,E410
E385,E386,E411
E385,E410,E411
E386,E387,E412
E386,E411,E412
E387,E388,E413
E387,E412,E413
E388,E389,E414
E388,E413,E414
E389,E390,E415
E389,E414,E415
E390,E391,E416
E390,E415,E416
E391,E392,E417
E391,E416,E417
E392,E393,E418
E392,E417,E418
E393,E394,E419
E393,E418,E419
E394,E395,E420
E394,E419,E420
E395,E396,E421
E395,E420,E421
E396,E397,E422
E396,E421,E422
E397,E398,E423
E397,E422,E423
E398,E399,E424
E398,E423,E424
E399,E400,E425
E399,E424,E425
E400,E401,E426
E400,E425,E426
E401,E402,E427
E401,E426,E427
E402,E403,E428
E402,E427,E428
E403,E404,E429
E403,E428,E429
E404,E405,E430
E404,E429,E430
A411,A432,A412
A432,A412,A433
A412,A433,A413
A433,A413,A434
A413,A434,A414
A434,A414,A435
A414,A435,A415
A435,A415,A436
A415,A436,A416
A436,A416,A437
A416,A437,A417
A437,A417,A438
A417,A438,A418
A438,A418,A439
A418,A439,A419
A439,A419,A440
A419,A440,A420
A440,A420,A441
A420,A441,A421
A441,A421,A442
A421,A442,A422
A442,A422,A443
A422,A443,A423
A443,A423,A444
A423,A444,A424
A444,A424,A445
A424,A445,A425
A445,A425,A446
A425,A446,A426
B411,B432,B412
B432,B412,B433
B412,B433,B413
B433,B413,B434
B413,B434,B414
B434,B414,B435
B414,B435,B415
B435,B415,B436
B415,B436,B416
B436,B416,B437
B416,B437,B417
B437,B417,B438
B417,B438,B418
B438,B418,B439
B418,B439,B419
B439,B419,B440
B419,B440,B420
B440,B420,B441
B420,B441,B421
B441,B421,B442
B421,B442,B422
B442,B422,B443
B422,B443,B423
B443,B423,B444
B423,B444,B424
B444,B424,B445
B424,B445,B425
B445,B425,B446
B425,B446,B426
C411,C432,C412
C432,C412,C433
C412,C433,C413
C433,C413,C434
C413,C434,C414
C434,C414,C435
C414,C435,C415
C435,C415,C436
C415,C436,C416
C436,C416,C437
C416,C437,C417
C437,C417,C438
C417,C438,C418
C438,C418,C439
C418,C439,C419
C439,C419,C440
C419,C440,C420
C440,C420,C441
C420,C441,C421
C441,C421,C442
C421,C442,C422
C442,C422,C443
C422,C443,C423
C443,C423,C444
C423,C444,C424
C444,C424,C445
C424,C445,C425
C445,C425,C446
C425,C446,C426
D411,D432,D412
D432,D412,D433
D412,D433,D413
D433,D413,D434
D413,D434,D414
D434,D414,D435
D414,D435,D415
D435,D415,D436
D415,D436,D416
D436,D416,D437
D416,D437,D417
D437,D417,D438
D417,D438,D418
D438,D418,D439
D418,D439,D419
D439,D419,D440
D419,D440,D420
D440,D420,D441
D420,D441,D421
D441,D421,D442
D421,D442,D422
D442,D422,D443
D422,D443,D423
D443,D423,D444
D423,D444,D424
D444,D424,D445
D424,D445,D425
D445,D425,D446
D425,D446,D426
E432,E411,E412
E432,E433,E412
E433,E412,E413
E433,E434,E413
E434,E413,E414
E434,E435,E414
E435,E414,E415
E435,E436,E415
E436,E415,E416
E436,E437,E416
E437,E416,E417
E437,E438,E417
E438,E417,E418
E438,E439,E418
E439,E418,E419
E439,E440,E419
E440,E419,E420
E440,E441,E420
E441,E420,E421
E441,E442,E421
E442,E421,E422
E442,E443,E422
E443,E422,E423
E443,E444,E423
E444,E423,E424
E444,E445,E424
E445,E424,E425
E445,E446,E425
E446,E425,E426
